type,name,path,size,sha256,bytes,seed
icon-app,aero_editor_001,icons/apps/aero_editor_001.svg,3072x3072,5b6711e09c74377913d5a679ff4deca923e89d6abadc8043ba1788763186c412,19396,0
icon-app,nova_editor_002,icons/apps/nova_editor_002.svg,3072x3072,2629d3e0191fd048afff821fb8fdbbeb9cc72a35aca817b1430923488c517ae6,19480,1
icon-app,quartz_editor_003,icons/apps/quartz_editor_003.svg,3072x3072,4af41c152882f1472f236ef1cf88219da2d38f735456344610752b6a4ebfa509,19629,2
icon-app,swift_editor_004,icons/apps/swift_editor_004.svg,3072x3072,d9a88764e8668f0d8465b474f255c9c2f96ed05a77c73bb456b64e7bab9f764e,19586,3
icon-app,bright_editor_005,icons/apps/bright_editor_005.svg,3072x3072,a271679ec066ab3c19f37ef8806b5148856e1a9884d6a2a7c3895990ee219b57,19380,4
icon-app,zen_editor_006,icons/apps/zen_editor_006.svg,3072x3072,1a46d7b3d3e6afef5eeb7358c2625e27823a587547ebbec08189a38620bc0011,19750,5
icon-app,pixel_editor_007,icons/apps/pixel_editor_007.svg,3072x3072,be43b5b96d6133db90c391dd3dec81905ee0fc21a5e0881a5fd6eb4e2acdee4b,19641,6
icon-app,core_editor_008,icons/apps/core_editor_008.svg,3072x3072,173ba319327dac0f5afc03676ec29cd8fb0bd309957afe2f887005347be3ac00,19980,7
icon-app,lumen_editor_009,icons/apps/lumen_editor_009.svg,3072x3072,14c97bc522f56b906a7d0fd87f04bc5202c672806510dd13f124d69f3c57e3fd,19468,8
icon-app,tidal_editor_010,icons/apps/tidal_editor_010.svg,3072x3072,d670ad2964cbb4c2404e5b69deb41338cd4e38d5eaf9b82e7e34e1c0100e71d3,19679,9
icon-app,vivid_editor_011,icons/apps/vivid_editor_011.svg,3072x3072,af067faa22e7db14fabc396b8cd8792db1dab301822fccd456f2b60978741a64,19606,10
icon-app,alpha_editor_012,icons/apps/alpha_editor_012.svg,3072x3072,81f8b6fc906d0ed46e65c20bb887d5e8c4eff7caf8f78ad8fd19033b44f472e0,19543,11
icon-app,neon_editor_013,icons/apps/neon_editor_013.svg,3072x3072,fba0923a009aed1b2c9cc89b7a6cb170b39e5ba60ba097c257fba4c5f85e40c6,19444,12
icon-app,crisp_editor_014,icons/apps/crisp_editor_014.svg,3072x3072,b66fcb75171f550d5c7c0e28791585d95a2095b4c67cfde30eb774080ac5428a,19541,13
icon-app,solid_editor_015,icons/apps/solid_editor_015.svg,3072x3072,fccda07119f68c4e157bafb4c5aba9c452b3f26d9e268abc999bac1eb5d31c7b,19687,14
icon-app,magnet_editor_016,icons/apps/magnet_editor_016.svg,3072x3072,9da6e95c45d39b4577dfcc06b751c8f787107281bbd862c1277848842d10121f,19621,15
icon-app,stellar_editor_017,icons/apps/stellar_editor_017.svg,3072x3072,1846ae1c9ce1c86b6d4253585406dcb1aa3c1416e0960b6e02d0179db10e4285,19416,16
icon-app,vector_editor_018,icons/apps/vector_editor_018.svg,3072x3072,68a43ab8f35eff9612ef2dff6db6a443f49f2ebd6e94452852b8aa33f389cbc8,19817,17
icon-app,prime_editor_019,icons/apps/prime_editor_019.svg,3072x3072,9c463b4fe03b73afb5bf47eef927eca4d864d39d3b45fb49d229aa69fa088e3c,19683,18
icon-app,solar_editor_020,icons/apps/solar_editor_020.svg,3072x3072,86f67c32d17db203b3b840dc8c48fd494369afd6faace2b5cfe770fb3f7cce64,20041,19
icon-app,aero_studio_021,icons/apps/aero_studio_021.svg,3072x3072,d68db8bbbfef7068cefa921a9af9c2e8df3dd6332de227e35dfb699fcd755145,19529,20
icon-app,nova_studio_022,icons/apps/nova_studio_022.svg,3072x3072,c56b2c4d8974c7134389ac24c50caef7f3fdce5a6bb9396a84f79b52ca8d7746,19728,21
icon-app,quartz_studio_023,icons/apps/quartz_studio_023.svg,3072x3072,05fc4f3772df4dec631c4280abc24edd04a4ad90caad9178a37dc04b9d573bb0,19613,22
icon-app,swift_studio_024,icons/apps/swift_studio_024.svg,3072x3072,7e87aea0831b9123f5c89df63e8e232f430ba398a29261145a39b58cc119d00e,19544,23
icon-app,bright_studio_025,icons/apps/bright_studio_025.svg,3072x3072,f1963e90d395d69726758dedde4801c5121b83cd7b2c567981652511feec04be,19449,24
icon-app,zen_studio_026,icons/apps/zen_studio_026.svg,3072x3072,31258d442b837e658a4de8e21fc4ad70784534cb41616f502bd12dd62275ea60,19535,25
icon-app,pixel_studio_027,icons/apps/pixel_studio_027.svg,3072x3072,5b678d5df0aadec36fb2a6068f7dfedc0119bf682e75a57a91d5482beacc1c6a,19657,26
icon-app,core_studio_028,icons/apps/core_studio_028.svg,3072x3072,4d22af539e7361ed8db5fa5b10b44b63d0327d8c6f5f7630919c9cf647091bdb,19632,27
icon-app,lumen_studio_029,icons/apps/lumen_studio_029.svg,3072x3072,747f24990925f8b678831cc0cdc303ef6d6049cd642d746c36c9f39af2497180,19451,28
icon-app,tidal_studio_030,icons/apps/tidal_studio_030.svg,3072x3072,d64a8235eb384507fcccb6c3d143a2d49d2e34729787d164a1c770f1e2098816,19777,29
icon-app,vivid_studio_031,icons/apps/vivid_studio_031.svg,3072x3072,7244f3d58088f9942ec6f4d54c0df5a527eef7d37f737fa060ed8de3013141f2,19674,30
icon-app,alpha_studio_032,icons/apps/alpha_studio_032.svg,3072x3072,7cab1ed7af9ceda179dc9d0f54990161b800f91e597326a7be1625789322d329,20028,31
icon-app,neon_studio_033,icons/apps/neon_studio_033.svg,3072x3072,f8744ac8ea61e80082998d598aa2f76ac01ef68c5d9d2fa25b1b54ca0f4949f3,19520,32
icon-app,crisp_studio_034,icons/apps/crisp_studio_034.svg,3072x3072,e6e34a907f794ba499864cef5d9db98692ec44995abb4cb62cbc8e20e96a33ce,19714,33
icon-app,solid_studio_035,icons/apps/solid_studio_035.svg,3072x3072,51db3084320c9e0e5876db93863a293b26bb51485ee633b1c0ef86cc17f352ab,19609,34
icon-app,magnet_studio_036,icons/apps/magnet_studio_036.svg,3072x3072,3fec8b48b42f85c70ee904018e6cc00c6d073587fd7ce05d7c357d7c1ecc2c9d,19565,35
icon-app,stellar_studio_037,icons/apps/stellar_studio_037.svg,3072x3072,8cd04e30e16d3147daf397d3d7ac277d71eb1f5b011adc365f17f4aef6027037,19457,36
icon-app,vector_studio_038,icons/apps/vector_studio_038.svg,3072x3072,4204ba146b009d07e984091bc8040a6610361697a6fa46356493a793272a2db0,19524,37
icon-app,prime_studio_039,icons/apps/prime_studio_039.svg,3072x3072,9a6e1cb1a3c0184833c39362fc64488b6b7862621ae5a6c34a4754548bff68a2,19651,38
icon-app,solar_studio_040,icons/apps/solar_studio_040.svg,3072x3072,fab2402fa2392b762e0f4253149bd9f2b85a144dd2a383946a1f14c4c7635faf,19631,39
icon-app,aero_board_041,icons/apps/aero_board_041.svg,3072x3072,f3d9a6d9ac13f35414e3d82c9b386a9c5463a8ac9886c9dbba9c3034df674f12,19436,40
icon-app,nova_board_042,icons/apps/nova_board_042.svg,3072x3072,53e836131858321edae5cda9637c72a9dd6805065caa573537fce1010e04632e,19818,41
icon-app,quartz_board_043,icons/apps/quartz_board_043.svg,3072x3072,f76acc89733ece3014ce4f3e80ae7ab6a854dc72ccb2cfb4916d4df163d9373b,19695,42
icon-app,swift_board_044,icons/apps/swift_board_044.svg,3072x3072,4a4cbe6aa6f2a174abf1074e259965d46fac94277db1c0737c2ddad12ed09b33,20025,43
icon-app,bright_board_045,icons/apps/bright_board_045.svg,3072x3072,338880e7b23df60b864c9ffc8b8c9cdabde61136c88ef9d2672d262056bf7b5e,19515,44
icon-app,zen_board_046,icons/apps/zen_board_046.svg,3072x3072,9aa0c6d53fb9f7af08702ac5bf6a402c72c4c474ef406bc6707e22f467774da7,19724,45
icon-app,pixel_board_047,icons/apps/pixel_board_047.svg,3072x3072,68a11cc829e11c4d9c3e46433e05d71af994289944fc652c8019bef52046571b,19616,46
icon-app,core_board_048,icons/apps/core_board_048.svg,3072x3072,4a9f733b34980a56b5b812671fd46f2e53321573179320e59e9c97c59dae29ba,19556,47
icon-app,lumen_board_049,icons/apps/lumen_board_049.svg,3072x3072,e5e05706affe4b1002df6ac9ce66b7fb9ee0a7ada36f11fb5c2ea1f3335d883c,19458,48
icon-app,tidal_board_050,icons/apps/tidal_board_050.svg,3072x3072,5b36ee24ab0ae587ee3a0aed1485c8cef153a579ff7a89f459bf6e522fad4af4,19532,49
icon-app,vivid_board_051,icons/apps/vivid_board_051.svg,3072x3072,64e42415f0b1dcd4df8f8732dd094588ebad36175ca5791ced796ac0f9f5ae50,19680,50
icon-app,alpha_board_052,icons/apps/alpha_board_052.svg,3072x3072,fa5dfdee755b2df9103e5be7fd149f057c1dc6e06925fe5eb09e7a4aeb428b1a,19611,51
icon-app,neon_board_053,icons/apps/neon_board_053.svg,3072x3072,be38f3fab40d9bf5511eb0db071f84f2c9621ce3e14d623dbf17cbbeb8b4abdf,19423,52
icon-app,crisp_board_054,icons/apps/crisp_board_054.svg,3072x3072,1ccff61b0d87f411a0d20da48a5570632bd5a406a6b739b42d34a482867c22d3,19802,53
icon-app,solid_board_055,icons/apps/solid_board_055.svg,3072x3072,62836cc2c817bf564d7db44bbdaac8dee7b0dbabaa64d003a40bc16d40fd5afc,19682,54
icon-app,magnet_board_056,icons/apps/magnet_board_056.svg,3072x3072,0084c031ccaae065e18d46585e101f4193810308d6dacefdc6cad0df97c5d0ad,20041,55
icon-app,stellar_board_057,icons/apps/stellar_board_057.svg,3072x3072,d6bc98203656e98d2b81c1df384bc36285cec201dbcc3ff6a8dedbd4e7755653,19526,56
icon-app,vector_board_058,icons/apps/vector_board_058.svg,3072x3072,3da7385ecbbe00901159856f6f36870119da5cdbb492dc5671e69536fe42d7fb,19704,57
icon-app,prime_board_059,icons/apps/prime_board_059.svg,3072x3072,742960a339ab839288e7e7de85db58dd17ff3da5f37c6e8cc4d14d70b54e9ea8,19607,58
icon-app,solar_board_060,icons/apps/solar_board_060.svg,3072x3072,2e124a7bf5f7ce91dd815729b993302bd0f93e806510e3f6cc6b5cc702c36c74,19563,59
icon-app,aero_player_061,icons/apps/aero_player_061.svg,3072x3072,78ee590b3832bb55a8afba92748a3df65dafe4e0b6e4298e64f73a1e580e20a9,19446,60
icon-app,nova_player_062,icons/apps/nova_player_062.svg,3072x3072,bf9c3c184f65f2c28d52f26fb2743da14d9ad3822e09bbf1e8bd9aaa9f86158b,19541,61
icon-app,quartz_player_063,icons/apps/quartz_player_063.svg,3072x3072,2125a4f4beb0e439faf4fcffd3c1c9839b1eaa9ba2e813477a1f453ee274ef52,19662,62
icon-app,swift_player_064,icons/apps/swift_player_064.svg,3072x3072,11f6852741523f09291c742bab3c83b8712180b70d0370933487d3ab67f8f480,19632,63
icon-app,bright_player_065,icons/apps/bright_player_065.svg,3072x3072,dcf7ee14e15fe0fd345539dee3870c6c5c60c2540045c9101ba2337abb2171cb,19441,64
icon-app,zen_player_066,icons/apps/zen_player_066.svg,3072x3072,0b2172987b40f23d622ee801fc574e9b03cbc1ed47308c07e008d93e2a8fbb71,19802,65
icon-app,pixel_player_067,icons/apps/pixel_player_067.svg,3072x3072,9b98afe29159aae52ba584da311087c4c1df06634fb793bcdaa7f610a14804c6,19691,66
icon-app,core_player_068,icons/apps/core_player_068.svg,3072x3072,b1c9ba83eda3d6038224505f08dd52f242f0c033bf64b85cbaedc5138d655110,20035,67
icon-app,lumen_player_069,icons/apps/lumen_player_069.svg,3072x3072,26c83c754f504c2ec587ae33498de3a594e808fd89f6734a1bad26bb0d7753f4,19513,68
icon-app,tidal_player_070,icons/apps/tidal_player_070.svg,3072x3072,04adcf5ff55ae809d437b834ecd82904bef7967c5744954a76eadfa33ca60a12,19707,69
icon-app,vivid_player_071,icons/apps/vivid_player_071.svg,3072x3072,9947e8a3013fb90bf784df56584fc7db9740f50481d0d942c46b34e8fb3e5be6,19567,70
icon-app,alpha_player_072,icons/apps/alpha_player_072.svg,3072x3072,de916a5c8c3ba15e653b52336bb8fab5f0a9787f95a2fc41525844c587e95662,19561,71
icon-app,neon_player_073,icons/apps/neon_player_073.svg,3072x3072,19b1254a79b8c5fd9429d60fb5e8f53673e07e5ed56f5e5d3db59be0628dda2e,19453,72
icon-app,crisp_player_074,icons/apps/crisp_player_074.svg,3072x3072,ae97c3812d84316928d779b857896f8ba520266774ce183f81efc39d850b2480,19554,73
icon-app,solid_player_075,icons/apps/solid_player_075.svg,3072x3072,84416b4a4f6a8f30eda1f02a8dc4af993aa9b66dcfde28f68dafc71e69ffcb55,19678,74
icon-app,magnet_player_076,icons/apps/magnet_player_076.svg,3072x3072,022e895e0a3e6620061574d7cbe4c5f9f65f4ac47105c85d642ff6385ded6d0d,19622,75
icon-app,stellar_player_077,icons/apps/stellar_player_077.svg,3072x3072,b97b3d4f89e8452b9a4716663939a55f654c09c97a40b1181551446bca2bf275,19414,76
icon-app,vector_player_078,icons/apps/vector_player_078.svg,3072x3072,64aa9fbd029015e4463ccd545ffc2d3b15c8610fe0f65ded12f828b20e37157c,19798,77
icon-app,prime_player_079,icons/apps/prime_player_079.svg,3072x3072,005d6f3e9926700c63f48d6b456e23da6ff9ecbf2d8c21b1cf0abd9ef6510041,19697,78
icon-app,solar_player_080,icons/apps/solar_player_080.svg,3072x3072,143190c6897f776ea98b1ca5fe5f84e8fa8fa463943279ea3981525c1002328e,20031,79
icon-app,aero_mail_081,icons/apps/aero_mail_081.svg,3072x3072,38f78fb17c480c4e2f51751609508f9d7b2e4aa6dfeea6e94aba472f6601d104,19519,80
icon-app,nova_mail_082,icons/apps/nova_mail_082.svg,3072x3072,111e786aec23c33fc76a7c2bd2535a09a932a08ce878957e4ecafbeae2bd4b05,19702,81
icon-app,quartz_mail_083,icons/apps/quartz_mail_083.svg,3072x3072,c81bf8f9662ed0ce50012fc5c1f486542367c8f229aeee8940744054a7f07fec,19602,82
icon-app,swift_mail_084,icons/apps/swift_mail_084.svg,3072x3072,78bb841e1c43b0140cd7708bab24829f1fb1a909b0d1081619c1d0b200eb6535,19553,83
icon-app,bright_mail_085,icons/apps/bright_mail_085.svg,3072x3072,fb550781e7d18ce1ba94f22f63d04cf2ff705115ea74bebb49411b6684506f5b,19457,84
icon-app,zen_mail_086,icons/apps/zen_mail_086.svg,3072x3072,8a99341b5f6e3aa5585be46be9d394ca2f46b983fc3fe26267c3e2167e7f32c8,19545,85
icon-app,pixel_mail_087,icons/apps/pixel_mail_087.svg,3072x3072,d57fee6c728fc19bc112837554b4dc2adbcc23098f8333e796dfc9b4cd35b991,19685,86
icon-app,core_mail_088,icons/apps/core_mail_088.svg,3072x3072,bb0428bb9309670042f72290aa9b2bfd001120521a26614fa51ef976a7a346b2,19615,87
icon-app,lumen_mail_089,icons/apps/lumen_mail_089.svg,3072x3072,a37c78c2c956814419d883e47ac03b92e4ea1d5f48a2a24d7826721409a5a3e9,19441,88
icon-app,tidal_mail_090,icons/apps/tidal_mail_090.svg,3072x3072,8d0865aa63f7678c06ddaaca5fa344c84395e60b33ca52552ac15c4fd328cb36,19790,89
icon-app,vivid_mail_091,icons/apps/vivid_mail_091.svg,3072x3072,fa0b9b8681d88f275c84d1a8abd42ee219a68be8d0871d465f736dfd16f0a450,19664,90
icon-app,alpha_mail_092,icons/apps/alpha_mail_092.svg,3072x3072,9f7ac9051907af0202280fe0755368de8312eb6bce175257bee0276bbc50e89c,20029,91
icon-app,neon_mail_093,icons/apps/neon_mail_093.svg,3072x3072,e651f9f0defd97745562de2fc0c5bf029dbb7dacdde1b0a875f818289ab3531b,19508,92
icon-app,crisp_mail_094,icons/apps/crisp_mail_094.svg,3072x3072,6d169b66a5259e79be2180f0df2557dd945884718d695a3a29a40ffadddde0e0,19721,93
icon-app,solid_mail_095,icons/apps/solid_mail_095.svg,3072x3072,0f6699b14fc2dcf8f20531638efa3e341b797c2bdbe3fc2e6309c322b23a9f02,19587,94
icon-app,magnet_mail_096,icons/apps/magnet_mail_096.svg,3072x3072,a9b36d44924b9f5015ee2e79a96cfde28749b65181a6742b8db49de4a4f7676f,19574,95
icon-app,stellar_mail_097,icons/apps/stellar_mail_097.svg,3072x3072,ae088ca47a5ff1a5ce5bca93b6b68846166cb6f357c2a83ec03e28352b41f0ae,19444,96
icon-app,vector_mail_098,icons/apps/vector_mail_098.svg,3072x3072,6b7fc304217aa75d09978b5b040e6d77f09291a147895a0b53a696869514bb7f,19543,97
icon-app,prime_mail_099,icons/apps/prime_mail_099.svg,3072x3072,e17bf380c2b4ae5af99c5e5188a8e0915a2fd8a40cc2868411cc78841f801bf7,19688,98
icon-app,solar_mail_100,icons/apps/solar_mail_100.svg,3072x3072,1f0b1facb4973c35d2b40f5ecd68987136dcc08e32be3dd5778929a054fec143,19624,99
icon-app,aero_cloud_101,icons/apps/aero_cloud_101.svg,3072x3072,03bad2bdab0a22712dcc1eb6668c7bdfd4ce91aa1eb422f46dd59a6574ab226c,19480,100
icon-app,nova_cloud_102,icons/apps/nova_cloud_102.svg,3072x3072,db6cfd79c687c4bd565f07ffd90158dc84538da7d62c57740f0e63a707b69ba8,19835,101
icon-app,quartz_cloud_103,icons/apps/quartz_cloud_103.svg,3072x3072,b0f0ea10b2985679348a85c7d80a0057547c3ed7f59c328507c418ab8ce7addf,19717,102
icon-app,swift_cloud_104,icons/apps/swift_cloud_104.svg,3072x3072,df5358cc9d59b54f556f17546774d851d1b41f8ff309a3bd6152195b456f4587,20088,103
icon-app,bright_cloud_105,icons/apps/bright_cloud_105.svg,3072x3072,f1e9c7add33a16223d34693cf5a05a5e430ee0d35a0e7964a7d59d4478c4ba54,19562,104
icon-app,zen_cloud_106,icons/apps/zen_cloud_106.svg,3072x3072,97dc885e44842bce15389d8ea896cc751ca7d0599f1adf74a0e3c7119208009d,19776,105
icon-app,pixel_cloud_107,icons/apps/pixel_cloud_107.svg,3072x3072,d29accb2bf2e53795f496bd061297db15b3b1bbb4b1de2d382d558fcf9bdb0ba,19667,106
icon-app,core_cloud_108,icons/apps/core_cloud_108.svg,3072x3072,cbb7b05c42b3fa6b8fc6329a9f8a020d2d5d2a2b86542975f611999a8e679f4e,19606,107
icon-app,lumen_cloud_109,icons/apps/lumen_cloud_109.svg,3072x3072,98290316dbf35c16190e3108e113f6c83ac1d6b4b2920814d961ef57b9241fdf,19483,108
icon-app,tidal_cloud_110,icons/apps/tidal_cloud_110.svg,3072x3072,a17d297cab122b945d46d1665162b0c8a98ed39414fa7206d1c0ba1d04eca60e,19579,109
icon-app,vivid_cloud_111,icons/apps/vivid_cloud_111.svg,3072x3072,3c1f3c9ef0bdcf7ddd604dd766d9ab40ad356e6abe2a1affd3cc6c2a7cfde934,19729,110
icon-app,alpha_cloud_112,icons/apps/alpha_cloud_112.svg,3072x3072,7a09dc74a7580053dca37045a421d0c873122cdcd4a1ff60299a48113cf3573c,19667,111
icon-app,neon_cloud_113,icons/apps/neon_cloud_113.svg,3072x3072,d31a503f6852539b68ce6f741799164449f8f2bd99c8143d1a5378573993c361,19489,112
icon-app,crisp_cloud_114,icons/apps/crisp_cloud_114.svg,3072x3072,149317fd6296972e0f1cfd7241f57aa5437c0f240e8ff7529deaad2327987a05,19836,113
icon-app,solid_cloud_115,icons/apps/solid_cloud_115.svg,3072x3072,89dce3e3f1bbcf442444748e2521b3f9c598b745ce5fbc31f4a162b14d3cc8f5,19724,114
icon-app,magnet_cloud_116,icons/apps/magnet_cloud_116.svg,3072x3072,ddd61c31aaecaf0d4317925815ea9839fd8b19e88ce295cb29db269e2a63be49,20071,115
icon-app,stellar_cloud_117,icons/apps/stellar_cloud_117.svg,3072x3072,b434d5640e4ce40cfa4bb94e39614f62fb841819d438d697b96783dcb24bf3f9,19569,116
icon-app,vector_cloud_118,icons/apps/vector_cloud_118.svg,3072x3072,4c0f04a66cfc79a1eab6111d34ba368829c53d2562ec2714c28c22207801e033,19787,117
icon-app,prime_cloud_119,icons/apps/prime_cloud_119.svg,3072x3072,72e4178a1f6ed4af319ac8aad8d7d12bd04f0a3df8bdb402caa962811106db50,19638,118
icon-app,solar_cloud_120,icons/apps/solar_cloud_120.svg,3072x3072,7acace7903160a624b37aad22b5dcaf8fcc4eb3c39e0155545bfc5b066f52bdb,19585,119
icon-app,aero_camera_121,icons/apps/aero_camera_121.svg,3072x3072,611e76a02c0295e2c1972852718da6b462fefe81a1ffaf3f603d30710f8fe2a8,19501,120
icon-app,nova_camera_122,icons/apps/nova_camera_122.svg,3072x3072,431333b7f38e8287fc9bbd5d2701dc86f809966148310c18291d77ab9df9525d,19562,121
icon-app,quartz_camera_123,icons/apps/quartz_camera_123.svg,3072x3072,21746e391697c5db295e559bebcae514195a51b048f23330dfae58a62dfc4136,19719,122
icon-app,swift_camera_124,icons/apps/swift_camera_124.svg,3072x3072,ae0af4dd5149a944ef00f3ae2b3034465335d915094d67bba3bed5accaa7fb01,19663,123
icon-app,bright_camera_125,icons/apps/bright_camera_125.svg,3072x3072,6b0bfef4548601e5b146d26801a2846c9f32b9e0ab93781bfc8b809a4f2aa9d1,19477,124
icon-app,zen_camera_126,icons/apps/zen_camera_126.svg,3072x3072,6594cf33352d8b3d9ec23595822909fe6f3dd77d13c64b201a3cd9f64388e775,19853,125
icon-app,pixel_camera_127,icons/apps/pixel_camera_127.svg,3072x3072,3f648c90761ae31044fecb1becbcf974183fd01845df91bc8e0cb3ca11c0483f,19730,126
icon-app,core_camera_128,icons/apps/core_camera_128.svg,3072x3072,e09c99e2e32a411b475ecd3f0114d5e3dd7ccec6f920bd87ecce49013718060f,20091,127
icon-app,lumen_camera_129,icons/apps/lumen_camera_129.svg,3072x3072,a68c46bdd0acaefa09a3906ce4a3cd8826983dcd56980f1efabf90ddcf10fef9,19553,128
icon-app,tidal_camera_130,icons/apps/tidal_camera_130.svg,3072x3072,3a5b41186325cbbd04dbccb2ee2fe7b67d3fb37059912218f5fa3989d9f640c2,19757,129
icon-app,vivid_camera_131,icons/apps/vivid_camera_131.svg,3072x3072,8741d3dc8d2a59166a6f1dfca45a84be0381c5a5377a25c3fc7a0b021e8d63c3,19663,130
icon-app,alpha_camera_132,icons/apps/alpha_camera_132.svg,3072x3072,b448123c3fc127d0c18064c5f4ac1a9256d631674a4c11cc53b281e119c7b970,19591,131
icon-app,neon_camera_133,icons/apps/neon_camera_133.svg,3072x3072,46e5bca755705ef890a3af596861ded6af6a8d710cdbe4b9ad0a18ec96f1cefa,19521,132
icon-app,crisp_camera_134,icons/apps/crisp_camera_134.svg,3072x3072,ffc03847e6c4594f97b838d421e1d5c455f64c3e4fc410d6d4de1613bd17f36b,19576,133
icon-app,solid_camera_135,icons/apps/solid_camera_135.svg,3072x3072,66a15aa3bb986f7154630361dd45a69239b7d0c6f817e6536f7a1007cbb1cd09,19713,134
icon-app,magnet_camera_136,icons/apps/magnet_camera_136.svg,3072x3072,9f17e47ec9497f996caced38d2783aa1961a5d5813ef854b0e1bb023d94a6257,19654,135
icon-app,stellar_camera_137,icons/apps/stellar_camera_137.svg,3072x3072,02526cfb3069a879d57d5b03b31123e7fa84d115bd6236ffe795897b879d2c80,19470,136
icon-app,vector_camera_138,icons/apps/vector_camera_138.svg,3072x3072,10624e01861c53c022452216a9e4af17b69baf50a48e44cf8c153b7707c2c215,19881,137
icon-app,prime_camera_139,icons/apps/prime_camera_139.svg,3072x3072,acae54a0306125458ae21fb5299d684b342f53b558e63bf494b35497b49691f6,19747,138
icon-app,solar_camera_140,icons/apps/solar_camera_140.svg,3072x3072,a41d4adf49f15b880f40193daa8c226a733069c794aff26afbc68ee913fc7819,20091,139
icon-app,aero_viewer_141,icons/apps/aero_viewer_141.svg,3072x3072,37afe1a65f88b5591f96e6c6c400885638f752f1bcb0d34f40197af0f13c86cc,19568,140
icon-app,nova_viewer_142,icons/apps/nova_viewer_142.svg,3072x3072,8cf70c7eb6168cb2cbcc3772b5b378d1c24d0716be2c67b9faaa1c25d5f09caa,19762,141
icon-app,quartz_viewer_143,icons/apps/quartz_viewer_143.svg,3072x3072,1ceb2d7f1df1ddcfde5fecd3212fece3fbaee47cb5734e619fa50ac02b358ad8,19674,142
icon-app,swift_viewer_144,icons/apps/swift_viewer_144.svg,3072x3072,18342845b85510e3dea7d49d06914784501caafdb8336a5c7fb3cd8d5f0b0093,19597,143
icon-app,bright_viewer_145,icons/apps/bright_viewer_145.svg,3072x3072,e5249e6bc358422ce24b2a233232d44e9333474d28e38c1a0ab5e7d89b4a4359,19506,144
icon-app,zen_viewer_146,icons/apps/zen_viewer_146.svg,3072x3072,c21c9b3a29820b805567a35cc2788e983899793fae7a8e95bd9516d4f9f5bdfe,19595,145
icon-app,pixel_viewer_147,icons/apps/pixel_viewer_147.svg,3072x3072,c5e0f8f8c005faee3c03d228e0c7149d92ce283820f1f875121f4abc2af0ebf9,19721,146
icon-app,core_viewer_148,icons/apps/core_viewer_148.svg,3072x3072,51e0c4fd7ce3ea9ac733fdfefd31b9e887d81f4a3d2f1dd62f15128be790598f,19658,147
icon-app,lumen_viewer_149,icons/apps/lumen_viewer_149.svg,3072x3072,f24e594e56a5dbdee8fc6817993c36e597ab2c146d86b6d74b80135a37ef5453,19482,148
icon-app,tidal_viewer_150,icons/apps/tidal_viewer_150.svg,3072x3072,5ef4fbe4ff13fd08c8db89c0e6a1c17f4d1f1176fa4d9f558d03e4e68f52e176,19845,149
icon-app,vivid_viewer_151,icons/apps/vivid_viewer_151.svg,3072x3072,c86ff2265bf7bbdb0daf01dc6e1377ebadb8f560b7977a75b3f5df715491a6df,19736,150
icon-app,alpha_viewer_152,icons/apps/alpha_viewer_152.svg,3072x3072,6f448baed5cbbbfe76dcd93a69e4c955dae874f894ab353685776d9e44511f47,20071,151
icon-app,neon_viewer_153,icons/apps/neon_viewer_153.svg,3072x3072,aa2f9812e9c9e0d741da50946886a8edfe1d5efe236d2042269f18d56415764a,19561,152
icon-app,crisp_viewer_154,icons/apps/crisp_viewer_154.svg,3072x3072,547e59470894cc5ea199960d499c14ebf260bda32730a7d84d175e174dcdd2da,19770,153
icon-app,solid_viewer_155,icons/apps/solid_viewer_155.svg,3072x3072,37daff98b9edf78f4c5c84f6365bdcb38bb905c5a4399318de8cf98c1ed95e09,19652,154
icon-app,magnet_viewer_156,icons/apps/magnet_viewer_156.svg,3072x3072,78eadc5e20e9ad277c79e239a0ff037f68725c893011c733e23044c8f4ad5071,19606,155
icon-app,stellar_viewer_157,icons/apps/stellar_viewer_157.svg,3072x3072,9641310625a870e44e7c29772a9553451a88421952995e4fd74c975b1e29323e,19503,156
icon-app,vector_viewer_158,icons/apps/vector_viewer_158.svg,3072x3072,972541e504843675093ee00ecd8e324da86e8ca0dc5b223f37659c99cdc8291a,19590,157
icon-app,prime_viewer_159,icons/apps/prime_viewer_159.svg,3072x3072,bfe8aee883952feea0259a320a3e9d18e2562ab553595bfab0638045d68cd0a4,19701,158
icon-app,solar_viewer_160,icons/apps/solar_viewer_160.svg,3072x3072,bd994aecde00096b89bb6de2375c28eb28c82020eb3aa100558ae4e322ca371b,19673,159
icon-app,aero_terminal_161,icons/apps/aero_terminal_161.svg,3072x3072,f40057828be0901710ede13c839e8afbc75abd836a0f01c052ff951b7c54f134,19465,160
icon-app,nova_terminal_162,icons/apps/nova_terminal_162.svg,3072x3072,a02ee8765a14f280d99ed43010fdcd48189e6f25f213e28d98dd19a158a7148e,19838,161
icon-app,quartz_terminal_163,icons/apps/quartz_terminal_163.svg,3072x3072,24c9b20c9fff33d6dc91aedd04e12a3af9f3d5aa018954ca693f4edbbcb0f1bc,19750,162
icon-app,swift_terminal_164,icons/apps/swift_terminal_164.svg,3072x3072,17bd1f5adb0d5e74e691c9488d79c7146939888863daf4063b33f5363476ef3c,20096,163
icon-app,bright_terminal_165,icons/apps/bright_terminal_165.svg,3072x3072,c16a384cc898189f3800e6bcc4430e860b9aba14ceaef4d0ad45cc1787c231e1,19551,164
icon-app,zen_terminal_166,icons/apps/zen_terminal_166.svg,3072x3072,f575213ef087d21a3a90b60ad654ff4b81dce24994480801df08dd5f3f08474f,19766,165
icon-app,pixel_terminal_167,icons/apps/pixel_terminal_167.svg,3072x3072,3201260f564b5efeaf36f8f1a0436cdb0602057f509ad0f6cfd1ee4bdd259919,19643,166
icon-app,core_terminal_168,icons/apps/core_terminal_168.svg,3072x3072,7ce646dcfc0a544fe59ea6f0d966c964d9c7c7bb49e08482ee770ec263195ee2,19609,167
icon-app,lumen_terminal_169,icons/apps/lumen_terminal_169.svg,3072x3072,436c192582cb54a18f2b493c083f547d08a11be60970ae4232ca0dae6755698f,19497,168
icon-app,tidal_terminal_170,icons/apps/tidal_terminal_170.svg,3072x3072,12d798cf69c9640808a08022f130c042a69349fffb15cc20bdb8fd7afb23d3cc,19587,169
icon-app,vivid_terminal_171,icons/apps/vivid_terminal_171.svg,3072x3072,e972c85179f3bc98c480c820df24261a9389222caf3ac15b61c325664e3e3b77,19737,170
icon-app,alpha_terminal_172,icons/apps/alpha_terminal_172.svg,3072x3072,21dd8a170c476d63d5ce4d680e24a130bb06daed91dbc0963c5b495764fa0018,19683,171
icon-app,neon_terminal_173,icons/apps/neon_terminal_173.svg,3072x3072,54037abb96e86f6af952b325f90184edf853dddb75111fd5e3dfbd6380607042,19468,172
icon-app,crisp_terminal_174,icons/apps/crisp_terminal_174.svg,3072x3072,0cc85681243f68fbc5ba430074a4c323e29404e86b5a2ad8ef16c5829ba6c454,19852,173
icon-app,solid_terminal_175,icons/apps/solid_terminal_175.svg,3072x3072,ad5bc8fac86cc378ac7119478b3fb384edefa1f39a28551b90c20457ec954e7a,19743,174
icon-app,magnet_terminal_176,icons/apps/magnet_terminal_176.svg,3072x3072,36d61a90544f5435963503727987a3b2ce06c00a9e61524ae3988f06c76bbcab,20101,175
icon-app,stellar_terminal_177,icons/apps/stellar_terminal_177.svg,3072x3072,7e5f10550467600891640c6e628638b6c2bff5d02eb03e9d052f31f4a1071ee8,19571,176
icon-app,vector_terminal_178,icons/apps/vector_terminal_178.svg,3072x3072,ceef9a29e3e3e6ab1af274f4fdf71b191d12b518daaf07618a681ee855a74a1f,19769,177
icon-app,prime_terminal_179,icons/apps/prime_terminal_179.svg,3072x3072,7377334c5aaaae4e9f1fbe080a32b052f3b75ccfaa32ace4b0062172f681c95f,19657,178
icon-app,solar_terminal_180,icons/apps/solar_terminal_180.svg,3072x3072,20bf0c4fa8066615b939dadf8294dd9b683638e1ce40e179dd3911c246a67ca8,19611,179
icon-app,aero_charts_181,icons/apps/aero_charts_181.svg,3072x3072,cb9d9409cd29d3022ff3ef71523d87c200888eeef52d8bbf61aec01095b00a85,19509,180
icon-app,nova_charts_182,icons/apps/nova_charts_182.svg,3072x3072,fde1d18efd41c6e3856330b23e8eeef23b2f324ed9160cd3994042b8d229916a,19589,181
icon-app,quartz_charts_183,icons/apps/quartz_charts_183.svg,3072x3072,762a50d3c809ae362ad670d32164175ca3023aace2cb25dd1fcfe00e26a6fd6a,19721,182
icon-app,swift_charts_184,icons/apps/swift_charts_184.svg,3072x3072,3b20f649cbe16309d34c1c0fcfae3e5b18b416a6b4d56fcdd9138748c654898d,19640,183
icon-app,bright_charts_185,icons/apps/bright_charts_185.svg,3072x3072,4b51c0bf277e316f82e688f2792d36778d6c63a9eac3ed51949d53b659c5776f,19479,184
icon-app,zen_charts_186,icons/apps/zen_charts_186.svg,3072x3072,45098dea093487d02261c67031a4615621e4a7144856f454fac50d79099fea84,19846,185
icon-app,pixel_charts_187,icons/apps/pixel_charts_187.svg,3072x3072,4a257d4cc753f72956b106d4aa4d538024689e860555c8478abd93b1aeb4dcdb,19726,186
icon-app,core_charts_188,icons/apps/core_charts_188.svg,3072x3072,a4499d1a3fefe6f99111497f43a1924f50fa0ae408ff90784b84ab4aadbf20e5,20105,187
icon-app,lumen_charts_189,icons/apps/lumen_charts_189.svg,3072x3072,0d751d05fc30115095dc2086dfd3979695382d18715014dea699aa9fdc620217,19574,188
icon-app,tidal_charts_190,icons/apps/tidal_charts_190.svg,3072x3072,732387fd9da6417eb7dd404e5649f0a102d039cde3a17a963699db43acb11f9e,19769,189
icon-app,vivid_charts_191,icons/apps/vivid_charts_191.svg,3072x3072,84011e12f41cee9c80f572ecf7f20b4f06d700f2168a0d5707967ea924950ab5,19640,190
icon-app,alpha_charts_192,icons/apps/alpha_charts_192.svg,3072x3072,0ac080d2a4703419b4d404cbfa1f6087dad8dd222adf7471feb85c80448c2623,19608,191
icon-app,neon_charts_193,icons/apps/neon_charts_193.svg,3072x3072,8e6176e21973a9e21b589f3fd79c3985eecc8e48e670ed0c8d3e26641ef5a389,19494,192
icon-app,crisp_charts_194,icons/apps/crisp_charts_194.svg,3072x3072,38cc77d0f91730593527b882c21c5c4d36c4d5c22b1ad192c734e0b586487a5d,19573,193
icon-app,solid_charts_195,icons/apps/solid_charts_195.svg,3072x3072,e19c594f2dd269799cd5a8feb9a39cb223675fe7b732e71838a48c145b356dfc,19724,194
icon-app,magnet_charts_196,icons/apps/magnet_charts_196.svg,3072x3072,b86890e5f90611c96eb9092f5df6f49f66892031d81b776dc234207d522e400d,19677,195
icon-app,stellar_charts_197,icons/apps/stellar_charts_197.svg,3072x3072,117ecbe84db78abd2811a009c0217da1c49daa2fae6a05209450952e962472c2,19482,196
icon-app,vector_charts_198,icons/apps/vector_charts_198.svg,3072x3072,cca1c74980da9d74bb562a5f4ad074b090943e8376688d921888665885cd0020,19851,197
icon-app,prime_charts_199,icons/apps/prime_charts_199.svg,3072x3072,bd5600e95c5aa3e00a1592c1e4b0bacdef0745545c153277c53289580467d47f,19722,198
icon-app,solar_charts_200,icons/apps/solar_charts_200.svg,3072x3072,cf42814a899d777819ab7b67e769e53bf58aee2465b27c6fda4cdaf5cfd8f02f,20110,199
icon-app,aero_notes_201,icons/apps/aero_notes_201.svg,3072x3072,369783ba6d203da98021fb0beaf31954ba92ff274960ff28dd6f8016fadf026e,19551,200
icon-app,nova_notes_202,icons/apps/nova_notes_202.svg,3072x3072,fce3bbc66c1830c40f2cd684e9b3abfd4742515aacead25ff25a37747db8c015,19783,201
icon-app,quartz_notes_203,icons/apps/quartz_notes_203.svg,3072x3072,3b797a3274720525d2d875a5315b80e4e132288226cf15977b0508cf696bebbe,19657,202
icon-app,swift_notes_204,icons/apps/swift_notes_204.svg,3072x3072,16cb1d18b425c751bf81d9aa062dad1fd4c283cfeb5d622d864ad8dcc117461e,19604,203
icon-app,bright_notes_205,icons/apps/bright_notes_205.svg,3072x3072,0983fc6b1567dd48130a7059b5d9ffff42be4287cf6d7de2e2c5a78dd8b3134c,19501,204
icon-app,zen_notes_206,icons/apps/zen_notes_206.svg,3072x3072,22e092cc17b360cfca1a0ac16ff462ebc80b15a0d57658f029d64c822424b759,19591,205
icon-app,pixel_notes_207,icons/apps/pixel_notes_207.svg,3072x3072,fb057d653ef2b5230b2706faca953836677a3ea7feaf0ee6551731766930ca3d,19728,206
icon-app,core_notes_208,icons/apps/core_notes_208.svg,3072x3072,ce6bcccb37ddbd91b1c81d2b33b57ad3b4feb5c7ad9e062f94924256be220ef2,19670,207
icon-app,lumen_notes_209,icons/apps/lumen_notes_209.svg,3072x3072,3821befc8957355cbf95e7082ea30b3421b15b2645ee0f2e9c15638e8aabf616,19477,208
icon-app,tidal_notes_210,icons/apps/tidal_notes_210.svg,3072x3072,0116f731d1cd84539ea0760f3b9ee9b0cf2a7a3ad6448917957f0b49f361c68b,19845,209
icon-app,vivid_notes_211,icons/apps/vivid_notes_211.svg,3072x3072,22f77f8794a6dc4de66f9b1c393960bd457acf7ddde2e37e427e76ee28f8ce3f,19735,210
icon-app,alpha_notes_212,icons/apps/alpha_notes_212.svg,3072x3072,16941314549d5bcc6e91cb5dba02cfe740c526fb529ef9131208f40d8d2beb6d,20082,211
icon-app,neon_notes_213,icons/apps/neon_notes_213.svg,3072x3072,0ced9ed05684a5c74290197867fe5dbdf10c76299e40226665e9b1cd27e2c796,19572,212
icon-app,crisp_notes_214,icons/apps/crisp_notes_214.svg,3072x3072,e8dbf66a227180ac6d5004d2ea313803561e3ebca946edb2670517db0d1dbada,19775,213
icon-app,solid_notes_215,icons/apps/solid_notes_215.svg,3072x3072,1ae0d45cb5b39ef67dac32273ff52d1f6a8285821c6dae5d87c25db29f765b69,19648,214
icon-app,magnet_notes_216,icons/apps/magnet_notes_216.svg,3072x3072,6560aa7684533b53ee09175c61c65f68ed07e173eb0539680e3e45b612505920,19599,215
icon-app,stellar_notes_217,icons/apps/stellar_notes_217.svg,3072x3072,fbc06455c88eec57fb2086b2f7b419a238528afdd3025451784e904be6bc1f1d,19507,216
icon-app,vector_notes_218,icons/apps/vector_notes_218.svg,3072x3072,f559bfd9b1d4f42545779ce0e5092c0d4e4cf7d81c1de5c68421cb4280ed46a6,19582,217
icon-app,prime_notes_219,icons/apps/prime_notes_219.svg,3072x3072,5ad9de27221d42767de1c8b8c1775c23cad17284df550bd61d7722baba1073ca,19715,218
icon-app,solar_notes_220,icons/apps/solar_notes_220.svg,3072x3072,998d87a1c46d2ac7ae9faf6112a53c3068e62fd81f11bd31c04e5a2f6b86740b,19675,219
icon-app,aero_calendar_221,icons/apps/aero_calendar_221.svg,3072x3072,1ee586f72fb34096e345da80987d1bcb497dfb3fc576f8a43207e226c5e7be7c,19497,220
icon-app,nova_calendar_222,icons/apps/nova_calendar_222.svg,3072x3072,53b2649c6b25ab15dc0f1dc915a8562c1b6371cedde9fbe9498cff8de85e077c,19856,221
icon-app,quartz_calendar_223,icons/apps/quartz_calendar_223.svg,3072x3072,25ea0fe5bd43fcfa2cc6a712b93d41e69ea0c734383b49d28095f91cc555f470,19724,222
icon-app,swift_calendar_224,icons/apps/swift_calendar_224.svg,3072x3072,e3ff1ee9e8625e0681da39f3db184a868c3df0b919687c7c010eaf7aad98fc47,20101,223
icon-app,bright_calendar_225,icons/apps/bright_calendar_225.svg,3072x3072,bb93cd0c9c73963299b623bc406c54380fff6fe5b63459ea245d674b2ffef0c7,19565,224
icon-app,zen_calendar_226,icons/apps/zen_calendar_226.svg,3072x3072,a42d3063e87bc184ac734da71138ca433b39dd49f3bc11ae75dde3d351c0d895,19753,225
icon-app,pixel_calendar_227,icons/apps/pixel_calendar_227.svg,3072x3072,f4b8c7fd5f06c58428f07b53f22e90a774fa392e93067853508baa2088eed5bf,19673,226
icon-app,core_calendar_228,icons/apps/core_calendar_228.svg,3072x3072,23e8e4e7424596a6b7539c48597b770c7708ee80c6ebe9ce7b4f446d8764bfc9,19594,227
icon-app,lumen_calendar_229,icons/apps/lumen_calendar_229.svg,3072x3072,1e319cf2232381019f8a3ac6e29916813854cf612867c610ede6c47154428710,19503,228
icon-app,tidal_calendar_230,icons/apps/tidal_calendar_230.svg,3072x3072,9d6dc49f8f0524d207108adf4315d60df7b90108acad700537a80770d3285046,19609,229
icon-app,vivid_calendar_231,icons/apps/vivid_calendar_231.svg,3072x3072,cf0c4fd04593d1395333ffd9825a98241cc60b65421013f6bd2b0628f0346b34,19701,230
icon-app,alpha_calendar_232,icons/apps/alpha_calendar_232.svg,3072x3072,6adb4eb7f5bb51c1e277c42165677e81606b1eeeef3f1bb4fb9c9679427fc3ef,19678,231
icon-app,neon_calendar_233,icons/apps/neon_calendar_233.svg,3072x3072,e71ba8ae46a2bb39f003bb504ff984d52329608dfda5221ec9ce63b2bfa415f3,19477,232
icon-app,crisp_calendar_234,icons/apps/crisp_calendar_234.svg,3072x3072,cc7c81309411f3beccebc37fcd255bc5ca87d1637805e3a34d462110b139c53b,19857,233
icon-app,solid_calendar_235,icons/apps/solid_calendar_235.svg,3072x3072,def7f2fe8730f09f9c6222bf13446399eb9ebdf950fd4af5d5e2630bd4ffccf5,19735,234
icon-app,magnet_calendar_236,icons/apps/magnet_calendar_236.svg,3072x3072,348da58e50af83a44008f4ae9b06c85de0fe595d636f708d93766d9226bb226b,20089,235
icon-app,stellar_calendar_237,icons/apps/stellar_calendar_237.svg,3072x3072,3aef279274ae231bdaa549af71288668b76925247f9a66affe833bc60adb07b1,19563,236
icon-app,vector_calendar_238,icons/apps/vector_calendar_238.svg,3072x3072,f6e43966a1546c0d15d9c949cceba36ac63998eb5b42001448bae106508c5dd4,19782,237
icon-app,prime_calendar_239,icons/apps/prime_calendar_239.svg,3072x3072,ab4cc5d0bf5cbc71f294c73b10d4813ee27bd4bee3a93f703ccbf9b661a1182f,19675,238
icon-app,solar_calendar_240,icons/apps/solar_calendar_240.svg,3072x3072,09f6a60e0bbf136a4c9066f9e37e5b76c3823c5c779f44d679d7cbb001c2cdfd,19614,239
icon-app,aero_gallery_241,icons/apps/aero_gallery_241.svg,3072x3072,55ce254f3e0781f5f722f0c912c14df6e50c453a248a6400f787d1736ad5582f,19499,240
icon-app,nova_gallery_242,icons/apps/nova_gallery_242.svg,3072x3072,ff3bde918f226ecea56805e072015d77272abe58d060a231e2e69cea7d3d615e,19585,241
icon-app,quartz_gallery_243,icons/apps/quartz_gallery_243.svg,3072x3072,325be6950e8e33a10244296584c287335bc43727b9692fa4f4f866d4afa94476,19720,242
icon-app,swift_gallery_244,icons/apps/swift_gallery_244.svg,3072x3072,c034b3f35ef8ecb834320dba31cab96abdfb5e79191f77ac20a6ba4b6dcd47b8,19658,243
icon-app,bright_gallery_245,icons/apps/bright_gallery_245.svg,3072x3072,06c6b50d414b91c25ce9d85a56a1fe7d9091f49b121d37d7ead10aaf9128ac92,19481,244
icon-app,zen_gallery_246,icons/apps/zen_gallery_246.svg,3072x3072,e421acc1a8cfa657257885e006ef36a15dbd33fe5571d0d13471f88d02a38fd6,19852,245
icon-app,pixel_gallery_247,icons/apps/pixel_gallery_247.svg,3072x3072,16bd76134a5ec367890bc4272429f480355bb796c7b8d68ed7194a5591c3aeec,19740,246
icon-app,core_gallery_248,icons/apps/core_gallery_248.svg,3072x3072,a4b4d0f6db4e4ad3dafacf2c9995414d149f43e8855ca8a0345b1e51d776c24a,20074,247
icon-app,lumen_gallery_249,icons/apps/lumen_gallery_249.svg,3072x3072,741f8efbda44d8aac18a96938b7054339f3a31f2bb70abbfff75e64569c257b1,19577,248
icon-app,tidal_gallery_250,icons/apps/tidal_gallery_250.svg,3072x3072,5bac103caf0468f782a519c8ed55a5c700ed0d4d0bc73626b6ff7bc4a7601e28,19776,249
icon-app,vivid_gallery_251,icons/apps/vivid_gallery_251.svg,3072x3072,7c07a4e1518f892a92209f32c3e2a3a5abdc7b2664e0b2be855f3970f89d34b6,19651,250
icon-app,alpha_gallery_252,icons/apps/alpha_gallery_252.svg,3072x3072,4409754c7e50ba6641873e5523592c9410628d3d2c7a0cbe951dde2ad1ca02d7,19617,251
icon-app,neon_gallery_253,icons/apps/neon_gallery_253.svg,3072x3072,c0d6329e29897c5a1e65b641cb6979e6dbf8628a8328822eada52c5906738b06,19506,252
icon-app,crisp_gallery_254,icons/apps/crisp_gallery_254.svg,3072x3072,ec14f31bb1c3adb323c920a15df8e52f1786fcdd2b58857c4ed4f913a11dbd59,19591,253
icon-app,solid_gallery_255,icons/apps/solid_gallery_255.svg,3072x3072,7930d5d4c76ce451e1b3b08476558eaa4f5596ccb101f1018b142ef4dcc29ba1,19724,254
icon-app,magnet_gallery_256,icons/apps/magnet_gallery_256.svg,3072x3072,5be9a57e6f76e092f1be42d063cd13f56baa5db2d49e3430a5cecd6574180c5f,19667,255
icon-app,stellar_gallery_257,icons/apps/stellar_gallery_257.svg,3072x3072,96d280aa6f2f8389e6490c8df32f2a6a0c1d20794640414c8cd2007ffb905f8e,19488,256
icon-app,vector_gallery_258,icons/apps/vector_gallery_258.svg,3072x3072,4506d918fe44c6c1bd4840bf871c07e01cbf4eeae444109af5db6443fbaca1da,19829,257
icon-app,prime_gallery_259,icons/apps/prime_gallery_259.svg,3072x3072,12c55180ab293b8545bf7745627abdb611d5afbcd9a7d972d1993482ef18390b,19751,258
icon-app,solar_gallery_260,icons/apps/solar_gallery_260.svg,3072x3072,e048c1cf6f87a549443489cfaa8e6f627d74df9fbc44d4c52f0e80c52b041e41,20086,259
icon-app,aero_browser_261,icons/apps/aero_browser_261.svg,3072x3072,719a2d748b392e3691de2b625793cb256be3a414ef409e7d43f66b3469fc210e,19569,260
icon-app,nova_browser_262,icons/apps/nova_browser_262.svg,3072x3072,bdaa881c8bb201dff48f73e9c357fff3f25bf993f5debecd8795c334454e5e11,19776,261
icon-app,quartz_browser_263,icons/apps/quartz_browser_263.svg,3072x3072,113991f6f5981b5765f114f565dafae1277f540628600b780a2ad98256fcd0f4,19641,262
icon-app,swift_browser_264,icons/apps/swift_browser_264.svg,3072x3072,65fe0fa713f4fc1abd2e442e5e72cd0debbc7b3493d4058ac488434805d6238f,19604,263
icon-app,bright_browser_265,icons/apps/bright_browser_265.svg,3072x3072,57d5c9ed8b61876971000ace7542418d49f5e855a0c02a62db3dd281d56c3e3e,19499,264
icon-app,zen_browser_266,icons/apps/zen_browser_266.svg,3072x3072,8f7835a0229896e63a88a96ac3a242a2e575f501f97596eb61b59833c444afee,19603,265
icon-app,pixel_browser_267,icons/apps/pixel_browser_267.svg,3072x3072,d6ad48f6c4d0c423ed141145774f7c4472a8a2c52066572dc4ab5749453995c8,19726,266
icon-app,core_browser_268,icons/apps/core_browser_268.svg,3072x3072,43b22dad5beeae5dbbfd024f4b939c6db8f876c03a7ff888d90b160af50b46de,19668,267
icon-app,lumen_browser_269,icons/apps/lumen_browser_269.svg,3072x3072,959acb88bb9b0957b67998cf5e8653853dff759aeb52ab79239912f2dfad9c6a,19472,268
icon-app,tidal_browser_270,icons/apps/tidal_browser_270.svg,3072x3072,3ee408f64606030b47ae8da8667f813ae860132937d9c6e45823ce991f0d270b,19849,269
icon-app,vivid_browser_271,icons/apps/vivid_browser_271.svg,3072x3072,4cf415ae65df0f8b8dda5081b50519f9011dbd1adae8bdf4544c6268ae548f3b,19745,270
icon-app,alpha_browser_272,icons/apps/alpha_browser_272.svg,3072x3072,93c71d906c18691cf526e2ede6c36b6edd879660fce510dff561ed2fa16bbf6e,20090,271
icon-app,neon_browser_273,icons/apps/neon_browser_273.svg,3072x3072,c23dd0ab17920e3baee2b9df9f80bb4199a9c8b0411acbefbc4539d23afafac8,19572,272
icon-app,crisp_browser_274,icons/apps/crisp_browser_274.svg,3072x3072,76dcddabd47ed4cd66f15a8ba89b1d41d70761103d2e04f7e46afe5d3185c1d9,19766,273
icon-app,solid_browser_275,icons/apps/solid_browser_275.svg,3072x3072,c9f4307aea5f0cf164b50bfeb1747782b62c2f18eedd2f2da987c375a8dde86d,19642,274
icon-app,magnet_browser_276,icons/apps/magnet_browser_276.svg,3072x3072,5762c6bde6e739d5575da726b6ea5b75350e459bf597113b1640976cb90ccf66,19600,275
icon-app,stellar_browser_277,icons/apps/stellar_browser_277.svg,3072x3072,53834b61d53953cbb718eac66655da03672a18261709cc1332c7eeed561da762,19505,276
icon-app,vector_browser_278,icons/apps/vector_browser_278.svg,3072x3072,a556e24371739dac0a4c48fdae3b2262adc3d2d429ac3a5e4a979c9765794ae7,19599,277
icon-app,prime_browser_279,icons/apps/prime_browser_279.svg,3072x3072,9214a0286783db1a78dc3e54a415384697b160de16c29d919f60eb0936870097,19726,278
icon-app,solar_browser_280,icons/apps/solar_browser_280.svg,3072x3072,484a7afaae766d950b1be1234887585ef4b69303bedfc2b7ed5ce0e30c52310c,19671,279
icon-app,aero_settings_281,icons/apps/aero_settings_281.svg,3072x3072,5143772b21a590bbb462ce07f962c277263d7bab051705323310da72c0b5d8e7,19481,280
icon-app,nova_settings_282,icons/apps/nova_settings_282.svg,3072x3072,400100fb2a3e212a831f39365aa3edc05d2028c0a001526afbb74502ca67a7ef,19840,281
icon-app,quartz_settings_283,icons/apps/quartz_settings_283.svg,3072x3072,78fe1a7dd859d19456e955962089deab5576feab6f9c2bed760af08a575cc8a2,19738,282
icon-app,swift_settings_284,icons/apps/swift_settings_284.svg,3072x3072,c9039f230f63770a1c06551f8fd706a5d4138e4e05e4ea870524c0c39d9fb8e5,20102,283
icon-app,bright_settings_285,icons/apps/bright_settings_285.svg,3072x3072,ec071379925f09c169cdaae4351777a0c253b323312e27ac825de9e9034ac748,19577,284
icon-app,zen_settings_286,icons/apps/zen_settings_286.svg,3072x3072,d8f12080d8ce79a1c7a64eae6a0948af770aaf4cd7070732c6a8f342effaa012,19776,285
icon-app,pixel_settings_287,icons/apps/pixel_settings_287.svg,3072x3072,4029ce4f28d4f2485dce59b487898b0b744ba23a01ceda4fc78c57e54cafa1bf,19640,286
icon-app,core_settings_288,icons/apps/core_settings_288.svg,3072x3072,1ffabd55307c05edbc28bd6e2cf33fb6b5d3d26c064d8ea35750866543d28532,19607,287
icon-app,lumen_settings_289,icons/apps/lumen_settings_289.svg,3072x3072,62d84d25e4b0841fe224869ee5fb85bb514385ec7dc045f2863fcf6618f0b9e2,19492,288
icon-app,tidal_settings_290,icons/apps/tidal_settings_290.svg,3072x3072,ca78fe661e29dd1ba2f668e08666218c25d2d06f886e20d946d261ac3b14ee72,19587,289
icon-app,vivid_settings_291,icons/apps/vivid_settings_291.svg,3072x3072,c0538ae10e60f638ba3c40c68883b7a2095eacb051c78a88fd0193414a0b8b84,19741,290
icon-app,alpha_settings_292,icons/apps/alpha_settings_292.svg,3072x3072,0725afac3ec3bf852ae657b5e591789ca20d7dff3a7eed02729f2b45e3ace6ee,19662,291
icon-app,neon_settings_293,icons/apps/neon_settings_293.svg,3072x3072,dae1c766aa4be04da0a783e45bf2c9820cd7ee5c8dd4de35a8d5fea028f907ed,19491,292
icon-app,crisp_settings_294,icons/apps/crisp_settings_294.svg,3072x3072,de21f6b84400de1419e4fcedc80eb935249e82aac1bc95f2b59a2c18c40955ac,19842,293
icon-app,solid_settings_295,icons/apps/solid_settings_295.svg,3072x3072,1c6ed0194932ca75e59c47602b9ceeec41a35188751bfe9ad6ce9ec69c47fdb2,19729,294
icon-app,magnet_settings_296,icons/apps/magnet_settings_296.svg,3072x3072,b760d678956817bd0a1e477c8ebe27658ed9f9561f4473bd79cbd74ad694db9c,20085,295
icon-app,stellar_settings_297,icons/apps/stellar_settings_297.svg,3072x3072,0f1b27f5bc0a52cca964d9026123412e12864894a1374d4c698ffe5c14a9aa75,19548,296
icon-app,vector_settings_298,icons/apps/vector_settings_298.svg,3072x3072,84a231eb9c3fd9d5a945f0c2ff1011220d7c8c0f9dc58c52bd3bfeaf688d2fea,19778,297
icon-app,prime_settings_299,icons/apps/prime_settings_299.svg,3072x3072,c208157b40e0144831b48466f7e0bd38fd11cb3338af1148a36a500d853453d1,19652,298
icon-app,solar_settings_300,icons/apps/solar_settings_300.svg,3072x3072,df6e57b4f89f3fc77e5aaf9a342900ba6d7d484e0200a1f1cbecf66505e7d1d4,19597,299
icon-app,aero_monitor_301,icons/apps/aero_monitor_301.svg,3072x3072,8c7d10539f4e74ff5c8a6eaf96bbb4538e3ee4bc97e9d2f964067389b18c407d,19492,300
icon-app,nova_monitor_302,icons/apps/nova_monitor_302.svg,3072x3072,309c9ce610e725222cab40332724b0ab9fbb2f014ab2d1789657b796e192990f,19614,301
icon-app,quartz_monitor_303,icons/apps/quartz_monitor_303.svg,3072x3072,994f94369ca39f252cd5f26b9ec10ef92e0fb4f5a154208c23088e52ff1a1c21,19718,302
icon-app,swift_monitor_304,icons/apps/swift_monitor_304.svg,3072x3072,d2973742122a7ee2ee9e5dfa5e65a6fa5c27b91f8beecd6c0e89771ad54c2e71,19669,303
icon-app,bright_monitor_305,icons/apps/bright_monitor_305.svg,3072x3072,a82395ce095555d5be665e93c9fe2eee81b65771c2caa695af914d2156ce70f4,19481,304
icon-app,zen_monitor_306,icons/apps/zen_monitor_306.svg,3072x3072,ac5f79b1f759edcf46ca886ec20f68eb925b2d2cdf2e208c59d0c6af010c243f,19839,305
icon-app,pixel_monitor_307,icons/apps/pixel_monitor_307.svg,3072x3072,715d0e50b2a75c7e79af3dd6a9a2638a19d9b0a44783ec0bed1eeec8a240178a,19732,306
icon-app,core_monitor_308,icons/apps/core_monitor_308.svg,3072x3072,255da0a2b82809cca268466ae004115ce422d11fdd8fb804a0790f82c0ab74e2,20072,307
icon-app,lumen_monitor_309,icons/apps/lumen_monitor_309.svg,3072x3072,2a305e64e69d4b1cde5c29cfec2639dac1a06357dd5e2fc2559b640bc3e62185,19555,308
icon-app,tidal_monitor_310,icons/apps/tidal_monitor_310.svg,3072x3072,2a6f7a18f0647789ae2411b109ffdc07d954bcfc75429699a28a194346846d82,19766,309
icon-app,vivid_monitor_311,icons/apps/vivid_monitor_311.svg,3072x3072,09e82a4f2af0c8b13cff9b7fb4ce1624e476bfa9084b6226aeda51bb57f36845,19649,310
icon-app,alpha_monitor_312,icons/apps/alpha_monitor_312.svg,3072x3072,2563fa21a739751bed6d76cb82b5eaa52d064017bac600fd4f4ed2485c4ac835,19610,311
icon-app,neon_monitor_313,icons/apps/neon_monitor_313.svg,3072x3072,583c093e82eac0386a16e901cb94e3c75b3b44a4a5f81cd0f9feca0eac6afa5b,19508,312
icon-app,crisp_monitor_314,icons/apps/crisp_monitor_314.svg,3072x3072,63a7190ffeed1b64596db886e250b64604543cc3caad80ea7ee24696e3ef2720,19578,313
icon-app,solid_monitor_315,icons/apps/solid_monitor_315.svg,3072x3072,fc49a038ba896d4cd381f0190dfb8d452948886c6876e7ee6fb5120b671b5061,19708,314
icon-app,magnet_monitor_316,icons/apps/magnet_monitor_316.svg,3072x3072,183a978f995038b51f35121cad78a39b3e7ffd5b8be0b96227953050f880bad0,19671,315
icon-app,stellar_monitor_317,icons/apps/stellar_monitor_317.svg,3072x3072,d95fa0ed3360cf96794c934db7d0a5efd77612760d5c26008f1fd166785887c3,19492,316
icon-app,vector_monitor_318,icons/apps/vector_monitor_318.svg,3072x3072,e778cfa40cc2391c65bfabd28c7b77116f328ccf956cdab015bc66953db7bb4b,19862,317
icon-app,prime_monitor_319,icons/apps/prime_monitor_319.svg,3072x3072,1daded1fbe61be185fe35ed77e61c6dcb48e92e38cefd312c0de9e980974c417,19734,318
icon-app,solar_monitor_320,icons/apps/solar_monitor_320.svg,3072x3072,2b2e591f7ce5e0c3aaf7bc05b4231963ee8cb955fa54548ecfc7266bc6df8d18,20094,319
icon-app,aero_builder_321,icons/apps/aero_builder_321.svg,3072x3072,f24daf31bec45f06e2b9bf6a7c77d95373c25620b34f1950e57e125f57297fe1,19555,320
icon-app,nova_builder_322,icons/apps/nova_builder_322.svg,3072x3072,db6ba4e2b263d13cd963204bf2d96fd758bef2c457965a2c354575f1dfb8b46b,19756,321
icon-app,quartz_builder_323,icons/apps/quartz_builder_323.svg,3072x3072,6a2e039f22d575a47b88f9568a8ac9d2f4b57fdb49a62d892c592280ebe49933,19669,322
icon-app,swift_builder_324,icons/apps/swift_builder_324.svg,3072x3072,44723373a25dcbdd9e4cb7284d48d3e15e864ae2e5b45b459c2d135bff31c5eb,19610,323
icon-app,bright_builder_325,icons/apps/bright_builder_325.svg,3072x3072,843c975c27ee9aea8fd6c7148b6b616a52218581f181460d6a704622e8c8ed35,19509,324
icon-app,zen_builder_326,icons/apps/zen_builder_326.svg,3072x3072,59aba186bafe44433e698ffd2ab2c73a5b4066c7f66d13e13b0d749535b14b25,19584,325
icon-app,pixel_builder_327,icons/apps/pixel_builder_327.svg,3072x3072,53494903ec26e2e8516db694f767746f81cc9c81f9782765dec9cf5dd73fd01a,19702,326
icon-app,core_builder_328,icons/apps/core_builder_328.svg,3072x3072,eb64182f46e277f5243fef0c34174dc682c7e63481ea1f777d819b97400ffc4e,19678,327
icon-app,lumen_builder_329,icons/apps/lumen_builder_329.svg,3072x3072,69ee7dcc4348440ae48685e0203feda27761827b9aa9b08d14dc8806bb53833e,19475,328
icon-app,tidal_builder_330,icons/apps/tidal_builder_330.svg,3072x3072,48626767f6dbc0c6e1fa4f768ab8f7d27a8d80ef0b7c1657735de1dbc9a2e03b,19860,329
icon-app,vivid_builder_331,icons/apps/vivid_builder_331.svg,3072x3072,91e36cd7d57384ebb5209149694b5fe7f20953db1f2903d939c5865353a0116b,19734,330
icon-app,alpha_builder_332,icons/apps/alpha_builder_332.svg,3072x3072,e576a7877f74678eebb544bfe5ea16f812dbb1bc2338dd19a63376a166938b1e,20083,331
icon-app,neon_builder_333,icons/apps/neon_builder_333.svg,3072x3072,d9fb1c7b1dac135db1662632336abdd93bcbbe854e993e9d64873956d21a76a8,19553,332
icon-app,crisp_builder_334,icons/apps/crisp_builder_334.svg,3072x3072,0fdd6ba7ad235b51aca051ca70214ce1a51118c11bedb8200a53cc637f264576,19777,333
icon-app,solid_builder_335,icons/apps/solid_builder_335.svg,3072x3072,46d57aa9a7f9999b2cfc2426728a5d85ddf5051dc5474edb0eb94f6384b5190e,19653,334
icon-app,magnet_builder_336,icons/apps/magnet_builder_336.svg,3072x3072,e20daacc5be12f2e1f5953aba7f119612b99729b4f81785e1d699a37a6f79a02,19620,335
icon-app,stellar_builder_337,icons/apps/stellar_builder_337.svg,3072x3072,cd319a917c0f27db8cab97034aeba4078eec19ee71316918701df21ba0283cd7,19507,336
icon-app,vector_builder_338,icons/apps/vector_builder_338.svg,3072x3072,99c67c0745e506740338a3d4ca0a50bd922e57b2cbe9d3fec7987c743de70833,19589,337
icon-app,prime_builder_339,icons/apps/prime_builder_339.svg,3072x3072,f37674a58fa5b992fb37dd7ea3f6df134687d9890110819cc249e018682dbd1e,19711,338
icon-app,solar_builder_340,icons/apps/solar_builder_340.svg,3072x3072,59a9517e49b8ffbe429106ee08e24625b96afab197a1facd929637b8f35dbc84,19641,339
icon-app,aero_designer_341,icons/apps/aero_designer_341.svg,3072x3072,e51d26493d6684d1ffe43868b046673f9d2fa6c7c656c8d14738cc3eec92ae84,19480,340
icon-app,nova_designer_342,icons/apps/nova_designer_342.svg,3072x3072,c35daef5e3dd0e6c7b30bf5a6fa9a0978e48ad87c635839c7d9ced4c855f989b,19868,341
icon-app,quartz_designer_343,icons/apps/quartz_designer_343.svg,3072x3072,dce93ff5474dc44f2f9954bd1d74e931b80494e8cd7e0ca3b376d288c7a7ec77,19741,342
icon-app,swift_designer_344,icons/apps/swift_designer_344.svg,3072x3072,b88f39478d556b5e4099bbf923908d65f857dc55e535ca830235c41f75167c32,20084,343
icon-app,bright_designer_345,icons/apps/bright_designer_345.svg,3072x3072,28a9eeb7547307e33a26e38cab8f64bbd6fce8be6b035c34780cf2ad8839832f,19586,344
icon-app,zen_designer_346,icons/apps/zen_designer_346.svg,3072x3072,57b2b33efdd06466bb7e841e4d50293e8ac3203140cba66066d95c224352a772,19752,345
icon-app,pixel_designer_347,icons/apps/pixel_designer_347.svg,3072x3072,136aca6ec049ae968c4cb077cccf0c2347f9547d287f5ac4e18bb8af18de3fe1,19644,346
icon-app,core_designer_348,icons/apps/core_designer_348.svg,3072x3072,b9be80a38fc79be7f6a7f3598afd9124fccbe33942cdd39d98bee92d57bef31c,19621,347
icon-app,lumen_designer_349,icons/apps/lumen_designer_349.svg,3072x3072,d2f982af614838a7db9004850cdab7e6354e43597c2ae97c498eb7af3db43aa5,19516,348
icon-app,tidal_designer_350,icons/apps/tidal_designer_350.svg,3072x3072,4f950a5a890aced3fedf62d0fb15d78f473f10da94062f6239cfdbe5231ae9cb,19578,349
icon-app,vivid_designer_351,icons/apps/vivid_designer_351.svg,3072x3072,1114f1cd6889c4e774f1f3f487dc47493a83de4e979fa4b6095fb86adafa1035,19739,350
icon-app,alpha_designer_352,icons/apps/alpha_designer_352.svg,3072x3072,3f217e00df088e83baa68477a7d28a0bd8fcbe52929af0177536fcce221d9e53,19683,351
icon-app,neon_designer_353,icons/apps/neon_designer_353.svg,3072x3072,7375078e116985a6900e7b2aa2eb8376fc00f484f8021e0775353f7afb90f908,19471,352
icon-app,crisp_designer_354,icons/apps/crisp_designer_354.svg,3072x3072,f91167c68eb27c3f1a5b94d0e305e50022a752c160f64111353513a573c21b5d,19847,353
icon-app,solid_designer_355,icons/apps/solid_designer_355.svg,3072x3072,1eba211bd40bff552d8557827b473719eb5b19912d0c93575a2d004f554dee2f,19727,354
icon-app,magnet_designer_356,icons/apps/magnet_designer_356.svg,3072x3072,08bfcaa533ad9d80fd2a7f00e17cb044ab2d4d87f5e74fd352f9b3a305974b23,20100,355
icon-app,stellar_designer_357,icons/apps/stellar_designer_357.svg,3072x3072,7aa88ab32809e1e8462e1ec51b56a0858394eefefa6ca0c23cab31e05d8bd464,19567,356
icon-app,vector_designer_358,icons/apps/vector_designer_358.svg,3072x3072,251880bc1288cab18f0c5e77b36139ab9a73286199c431729512d93319f9c844,19762,357
icon-app,prime_designer_359,icons/apps/prime_designer_359.svg,3072x3072,2411d71286473b7d662ef4d4bff5ec503fa0260e24928e864e8d40b2d2950c9e,19650,358
icon-app,solar_designer_360,icons/apps/solar_designer_360.svg,3072x3072,06ce57c8102d368b689743d7ea07a12bf3597b1f011efd37da04c43e32ba23b8,19615,359
icon-system,network_01,icons/system/network_01.svg,3072x3072,d48687d62e37e0704f221eb6feb24fa7d142b3acac526dd74dfdd5f2f71c097e,19500,1000
icon-system,battery_01,icons/system/battery_01.svg,3072x3072,1b093478f395830a0064ef8686ce322d67cb4bff480939a0a4842034c9785860,19897,1001
icon-system,volume_01,icons/system/volume_01.svg,3072x3072,bc67291b93b8f94ec5e1826fa09bfe878b0a54f3891c4696468cfc5dee1a2068,19787,1002
icon-system,bluetooth_01,icons/system/bluetooth_01.svg,3072x3072,34f8884d28e6ee9cff7d3b9dbb4e4e2e802f1016cef25b24cf0a02cee9656d5d,20149,1003
icon-system,display_01,icons/system/display_01.svg,3072x3072,c01771cdf608e3ad296eadb29dd304be52075df790ac32eee3b3e32f672074b5,19606,1004
icon-system,cpu_01,icons/system/cpu_01.svg,3072x3072,9d71bbdccb07388d84a218e1948cc12676a33d51d424b932139b3dfb4d77706a,19813,1005
icon-system,memory_01,icons/system/memory_01.svg,3072x3072,5fd3d84c1ad54481867540cd7f51324b7d7625f495dafc0208b2448ba817fa81,19711,1006
icon-system,storage_01,icons/system/storage_01.svg,3072x3072,01c91159d6d63660501f896a4f09c1905a588b6ed1ec99807f0ff198a29d40c7,19646,1007
icon-system,clock_01,icons/system/clock_01.svg,3072x3072,a46b3998141762a31230c5c9025d851b05e5a854299282db6171be1c5be44fed,19547,1008
icon-system,mail_01,icons/system/mail_01.svg,3072x3072,8cf9bdb4f922e09b5f394ac86cc793189598001d83d703d7f52de1e9a0b3687c,19610,1009
icon-system,wifi_01,icons/system/wifi_01.svg,3072x3072,6044c1d4ee55e5105c009f4efad6e958d6d75d44be1afef329a07541c28c450d,19763,1010
icon-system,security_01,icons/system/security_01.svg,3072x3072,e1c160a19178cdfd6c08a9d69f9fcacd8153c7f73434a7c362b9526aa37cf16e,19693,1011
icon-system,update_01,icons/system/update_01.svg,3072x3072,bc818ab99b540704feef6625b3be15a4836a18525e54e52185720a07afe32bfe,19535,1012
icon-system,theme_01,icons/system/theme_01.svg,3072x3072,e624e8893de615fad0d52d3e33365048e2c2235620b8073df8d911cb384b845f,19890,1013
icon-system,accessibility_01,icons/system/accessibility_01.svg,3072x3072,e35280ea82573436ef6c50f051f356e44a4125f735a0adf363d8d73a517261fb,19772,1014
icon-system,privacy_01,icons/system/privacy_01.svg,3072x3072,9ae007c948082e3a40abe2ac881ea13d461e49e016559a948cd5064e0eadb8a0,20117,1015
icon-system,downloads_01,icons/system/downloads_01.svg,3072x3072,604c860edf57c1e3d3d7bcdf0e7996d7ac71b015900c58b7c669ecf2286baf9d,19603,1016
icon-system,uploads_01,icons/system/uploads_01.svg,3072x3072,95ace712f95ad2b32b98ffd34b9b28798ab78c11e26981790c11e92f15a1091f,19802,1017
icon-system,input_01,icons/system/input_01.svg,3072x3072,e0f48c289a0c51261bb6d618dd2453eeb8c5c63f3739a392ebda2e7d04e2afe4,19688,1018
icon-system,power_01,icons/system/power_01.svg,3072x3072,8109b2472131bfbc9947859f9ab21b2d543769caf5dcf7816c7dc900bcff8bb6,19650,1019
icon-system,network_02,icons/system/network_02.svg,3072x3072,f47220d93a52f0b99c0053e5e6516ed11b576128e8366c80fa8108f52e5d0095,19550,1020
icon-system,battery_02,icons/system/battery_02.svg,3072x3072,fba7bb0be34aa118fe572e76e66eff82e72eb998d6868c9500c18302dbe4f6b3,19625,1021
icon-system,volume_02,icons/system/volume_02.svg,3072x3072,83bf247a9e09cd2475ca9e25279c3e7a3fc5c1152e2645847600e5f83f0065f1,19754,1022
icon-system,bluetooth_02,icons/system/bluetooth_02.svg,3072x3072,5e8082288c5316e660bcf40312d54111aa16661e2e000f02254b769bc3ec2825,19731,1023
icon-system,display_02,icons/system/display_02.svg,3072x3072,99275a6e7265b82592d8d12578a2278654ef323f91052a7565a9f8e2e69a0ffe,19523,1024
icon-system,cpu_02,icons/system/cpu_02.svg,3072x3072,035900b094e94b40463a31513137896dd270d37cd56e6e256058e54915ebbc4c,19889,1025
icon-system,memory_02,icons/system/memory_02.svg,3072x3072,6c9a9d1e7041aa476fe018f7dce1bdf62acdfd91071116333869d5105191b9e8,19801,1026
icon-system,storage_02,icons/system/storage_02.svg,3072x3072,651b48e6c901a3df76b2b4c2af6de4296df521fc9667367370128d787a6d908a,20143,1027
icon-system,clock_02,icons/system/clock_02.svg,3072x3072,e89001d7310d8559d54e561a75aabea22cea87dc0268cb5b589809d7baa10000,19595,1028
icon-system,mail_02,icons/system/mail_02.svg,3072x3072,7b53108fcd895e063ee5e8c5d6cb64b25dd05a60f20f217fd98cabd14f196d10,19808,1029
icon-system,wifi_02,icons/system/wifi_02.svg,3072x3072,77f6c9192dc3b622c186e0d81a5a195804e16d6d5663fd491f401352f91952c5,19691,1030
icon-system,security_02,icons/system/security_02.svg,3072x3072,0af6b337d595a854bf8b1b678b31297a6abc0eceababad494c7743b4e9b4d456,19653,1031
icon-system,update_02,icons/system/update_02.svg,3072x3072,d15cccaa58d5ae7851237cfc15e647ac4ad23c4c893903fd5f0548d3e8ec30d0,19541,1032
icon-system,theme_02,icons/system/theme_02.svg,3072x3072,3affd86f3453b3f3cfec4c788ffaf82b8a77744f2c44e344ffc25aedfb2937d6,19630,1033
icon-system,accessibility_02,icons/system/accessibility_02.svg,3072x3072,137fddcd265d1bc3fbae867fcc19d2a98bef24716e148d23777d04ab0c0b9183,19781,1034
icon-system,privacy_02,icons/system/privacy_02.svg,3072x3072,78a0382a82d10e5676bdbee40d8b94188cc529d0979c8ea5ce485cafef5cea72,19703,1035
icon-system,downloads_02,icons/system/downloads_02.svg,3072x3072,33b252957a7b99d2cc8e65b1d273c1e7172bfd897c1c45fb8e4f7ecd32ad417d,19524,1036
icon-system,uploads_02,icons/system/uploads_02.svg,3072x3072,0ca5a7f5b4a7c5045093b3d9a879ad03aa7659f0e9327fa4dae7a12736fc5f1c,19898,1037
icon-system,input_02,icons/system/input_02.svg,3072x3072,5caa607249ba531ddcee7afefac3666d916af1dc86a3aa07a10b99916efabd3a,19780,1038
icon-system,power_02,icons/system/power_02.svg,3072x3072,4bf08fd510ebf651aea9c7b470b8c837d25d556a68b9b5b7006d22160ffe1738,20131,1039
icon-system,network_03,icons/system/network_03.svg,3072x3072,12d23d01b492f6c1b6af1bbe17eab494d317b52f180e665a61f68463cae3fe48,19613,1040
icon-system,battery_03,icons/system/battery_03.svg,3072x3072,0d2bec89e144dd9d985bfe057d06975caafa5c1bac39c72a254de21cabcd2a2b,19824,1041
icon-system,volume_03,icons/system/volume_03.svg,3072x3072,b882543c41a16dedacdf041c65bf5212570b9263d544649f0b95d9ec985ead30,19706,1042
icon-system,bluetooth_03,icons/system/bluetooth_03.svg,3072x3072,b002bb9dd9f8db8908c42296f450f8486a1dcaa079eb5c0b818f3c6fa23d5114,19648,1043
icon-system,display_03,icons/system/display_03.svg,3072x3072,30e677dc36bcf3b4403d50d1a12e3637695f570deaa01c46803d92124511ecc4,19541,1044
icon-system,cpu_03,icons/system/cpu_03.svg,3072x3072,a26b5cc2fe91065c1b710c3abcf61cdeb123a729121aac4134333a66182512a2,19646,1045
icon-system,memory_03,icons/system/memory_03.svg,3072x3072,0f123ea76dba623037505f15a0958ea9261cb5a30191317b36dba6f5ba2d08ce,19764,1046
icon-system,storage_03,icons/system/storage_03.svg,3072x3072,c2cd161e73d599317d8d358454608332d34cd24e90ef3c1ba86059dd0bae99a1,19701,1047
icon-system,clock_03,icons/system/clock_03.svg,3072x3072,92c488567f66e1c8bdc3e01410dd1e86aae121b55dd2811bef46e6edf2623012,19508,1048
icon-system,mail_03,icons/system/mail_03.svg,3072x3072,c94d93c6d1a373f68fde32b8ad99ea64796fae53c5687bcc5f8d10198f425ab4,19874,1049
icon-system,wifi_03,icons/system/wifi_03.svg,3072x3072,75214a6fb254c5f8f39d23901981e14531fe71dac1112698b69e0b3a5e77332a,19771,1050
icon-system,security_03,icons/system/security_03.svg,3072x3072,34a7b6508379cad5a343c468c16ed6f5754c9048eb596e8c3d7964312002f1f7,20149,1051
icon-system,update_03,icons/system/update_03.svg,3072x3072,81e6f822fc98d20299a1401ed9ca5b5d01b5872ca43bddd9f4e3c6d4c57c70d0,19617,1052
icon-system,theme_03,icons/system/theme_03.svg,3072x3072,444e51dc8e78b76ba635d7ae7645994755ee183915b5a740a5e9b71265fbcf1e,19808,1053
icon-system,accessibility_03,icons/system/accessibility_03.svg,3072x3072,f4d4d6e5007a9db1e8e8fe70c8e3fdc132ef7bdf0853a2162fb2189af1eb7741,19698,1054
icon-system,privacy_03,icons/system/privacy_03.svg,3072x3072,339d125910121c458ebfc6777e62ddb0a8e7240c1b9f04f1ac2b65e435a9afc1,19637,1055
icon-system,downloads_03,icons/system/downloads_03.svg,3072x3072,0312b96be0bcaf4469092c5c8578b50022aee0bb8aa764d478765969c44c71d2,19559,1056
icon-system,uploads_03,icons/system/uploads_03.svg,3072x3072,71d1dbf226b7534c5dc80c1228917289756d2ab20f195dd74943f5edea8cb6d0,19624,1057
icon-system,input_03,icons/system/input_03.svg,3072x3072,c0ebca0b575e323e563287e504ae5aa31180f8863a9946565a10305da88bf83c,19778,1058
icon-system,power_03,icons/system/power_03.svg,3072x3072,e789fb28302793425391b81e6748ac189fb98e5e7ab809b63e8a01201031690d,19700,1059
icon-system,network_04,icons/system/network_04.svg,3072x3072,4747a1dc68f17797472f347c8fafaff580da8de36cd6d61bbc66f7e0120fdaae,19520,1060
icon-system,battery_04,icons/system/battery_04.svg,3072x3072,1e77320e762707afba4221af8962a1c0fb6399ac9495bd60b17d641f99ba92f3,19864,1061
icon-system,volume_04,icons/system/volume_04.svg,3072x3072,94a54942cf3ce50e7a04248b7851e4b0c7c88f360348e088229ce9c865ab1bdf,19767,1062
icon-system,bluetooth_04,icons/system/bluetooth_04.svg,3072x3072,4dff726152ca496ece63b6165ee2786ba42117080dbd585ef8b7a2311e52bd2b,20144,1063
icon-system,display_04,icons/system/display_04.svg,3072x3072,94bf827ad4c0d3c0557d32871c8e2af01316d4f74ded6080293c46e0d60e55ee,19617,1064
icon-system,cpu_04,icons/system/cpu_04.svg,3072x3072,f2b580095f4a718a3e44582030c758984a1204dd8cc87d434a50920234071248,19810,1065
icon-system,memory_04,icons/system/memory_04.svg,3072x3072,bf4cd47d6ad2b136bcb049172e16c1f344af4e3936b232d4310219bb4d295bee,19702,1066
icon-system,storage_04,icons/system/storage_04.svg,3072x3072,ef6f4945725e05779d732ee359c2fb5b2a3ce9157c5874783cbfbe83fd3c35db,19641,1067
icon-system,clock_04,icons/system/clock_04.svg,3072x3072,ec7dc780f606a94832b265d5f73dbdb9274a2281fad85d299ef6eae32008625b,19532,1068
icon-system,mail_04,icons/system/mail_04.svg,3072x3072,9432011f58450d954d776d473cda386d4625b5c4196cc05a549af474f24c1ece,19626,1069
icon-system,wifi_04,icons/system/wifi_04.svg,3072x3072,803b2da18e095fcacd650f082d96486638d07f6907a260fa2f51faa4cf2b5f57,19768,1070
icon-system,security_04,icons/system/security_04.svg,3072x3072,2a0f5afc7aeb8dd2976ea0142008a13a4fd443067e39718dfac724fdaf6777d6,19727,1071
icon-system,update_04,icons/system/update_04.svg,3072x3072,9ce111f080544c48720a6409552b93f86d024c448557d4a54b160534ffc58bba,19543,1072
icon-system,theme_04,icons/system/theme_04.svg,3072x3072,db5c77860f886ea0c142782e1fb81f7995bafaa4aba030176189d8268cc7d2f7,19887,1073
icon-system,accessibility_04,icons/system/accessibility_04.svg,3072x3072,97509a6098549b71c7d597b89dd9ee9b8f863738e772442cc4401f1abe1b01d2,19782,1074
icon-system,privacy_04,icons/system/privacy_04.svg,3072x3072,4ffda57b6e0e996f21bb0d4560c8075eeb8f851ca1ac62c9562e231487bfce4d,20143,1075
icon-system,downloads_04,icons/system/downloads_04.svg,3072x3072,cc8a9c42212de560aa4d6262815fe8b7e4119502ef1f4288c5f02192d8d045fb,19593,1076
icon-system,uploads_04,icons/system/uploads_04.svg,3072x3072,49925c0bf418f3e580d8d55fa5e76114cff0241ec47acc9e575c4b6bbd63f8e8,19822,1077
icon-system,input_04,icons/system/input_04.svg,3072x3072,067edc9b4aec8cf7b9d8c20b55c3d7b3bbbd51f9a5ce631692a80355a3b8b659,19712,1078
icon-system,power_04,icons/system/power_04.svg,3072x3072,e76442b8600caed21a137c9c20fa5f205888f1c22f511dcfa001fabf77920eda,19637,1079
icon-system,network_05,icons/system/network_05.svg,3072x3072,7844acc90ff02e0a0a38c9b29c9fa2cef7512c1ec85fae6e12b0ef8b6e18263b,19549,1080
icon-system,battery_05,icons/system/battery_05.svg,3072x3072,9bc2ec3c0bc0ef8d6c64067b4d5213fda8ed65cc8b2a690cda982d5d1f727c12,19628,1081
icon-system,volume_05,icons/system/volume_05.svg,3072x3072,2d7dfe16c155c3bad3aa37eda26197bcd906cf259410061fab150c1766ba9f3c,19751,1082
icon-system,bluetooth_05,icons/system/bluetooth_05.svg,3072x3072,f8cb617a3c8ff1af3b5aecc47224667901fe4353273b7f93982d91cef6d18ce6,19727,1083
icon-system,display_05,icons/system/display_05.svg,3072x3072,d7b0ee3c34269aff975a364f8188d95ba63fab2222ab3c18544478794c1dd180,19529,1084
icon-system,cpu_05,icons/system/cpu_05.svg,3072x3072,996589c4853a32b1e2cffec03df87eed8e1d7bbb822d622039d316abd41dae6b,19881,1085
icon-system,memory_05,icons/system/memory_05.svg,3072x3072,55f867c3be447daeaf23485e0047c66ccbab980e85bc71e628f096a0377e4976,19768,1086
icon-system,storage_05,icons/system/storage_05.svg,3072x3072,29a1b89d6dbdeff2198ba502ac3f9b0932d9c558a0d8169eebf90e94b6dbb838,20127,1087
icon-system,clock_05,icons/system/clock_05.svg,3072x3072,bfa4319ced1e3158f777de03ee15207b25c10200c3ce97b947ec41bdb62040cb,19608,1088
icon-system,mail_05,icons/system/mail_05.svg,3072x3072,d429d15c303590aff33c11cecead28408a49fce1683b9b89a75cdd7fd4faabe0,19789,1089
icon-system,wifi_05,icons/system/wifi_05.svg,3072x3072,419d4d4f82d3787e62e949772be33c9ae8bccbf37056b037cd2f4bd282b17ec5,19704,1090
icon-system,security_05,icons/system/security_05.svg,3072x3072,6375ecd3c756dc3ebf5c722eaac126d1e1d2c37921e9bdbf39ac3a17b7335625,19656,1091
icon-system,update_05,icons/system/update_05.svg,3072x3072,20e2d21fa82665558d6f5991aed0883ca5a63aa61d9ac2b94de6aec6133d680e,19545,1092
icon-system,theme_05,icons/system/theme_05.svg,3072x3072,616aaf0d72bc6791557e46e467bcb4c66a83566036d000c3addf00ab1662742a,19623,1093
icon-system,accessibility_05,icons/system/accessibility_05.svg,3072x3072,acbd8d5a72006e451cbd3707764bf45306305721d88d8b47e848e50f81a46d5b,19761,1094
icon-system,privacy_05,icons/system/privacy_05.svg,3072x3072,97fe3bb0036eb7e1899497b93079f1a8907b989b41ac82d56e37d9f30190947b,19731,1095
icon-system,downloads_05,icons/system/downloads_05.svg,3072x3072,5b41edc1935b489fe638cbae255bb41a825e5089e90b03d33a9ed46ef0d2fa88,19528,1096
icon-system,uploads_05,icons/system/uploads_05.svg,3072x3072,8cfcc1d53b57a4d3cc52c9d24331c7eeb095080e68b752559a51248dbe5c79b5,19896,1097
icon-system,input_05,icons/system/input_05.svg,3072x3072,9663353619ad6a5df2d37d5faf74e638f636378c11ca5d2d1cc6bdb99060fa43,19757,1098
icon-system,power_05,icons/system/power_05.svg,3072x3072,868fb647ebc441cf406637245bc3e3b4153d6a8416c799a69a861042b3aa97c0,20139,1099
icon-system,network_06,icons/system/network_06.svg,3072x3072,f1a2983d78a344e9c96550dd4a83bb6d112fa3f93e0794c481bdeee5af895ab8,19591,1100
icon-system,battery_06,icons/system/battery_06.svg,3072x3072,a82334194a16cf72feaa66d5c6b558668a89d9bc3c4acf7b118ae391958e871d,19836,1101
icon-system,volume_06,icons/system/volume_06.svg,3072x3072,e23b9beb9967a503a7c7ef9cb6557d8da89772338f211b2fc31ae03cb0df2354,19711,1102
icon-system,bluetooth_06,icons/system/bluetooth_06.svg,3072x3072,ba915857eec79ca83f046c5156dfcb3a36877772ae9a6370461faa0ffa52c0b1,19657,1103
icon-system,display_06,icons/system/display_06.svg,3072x3072,2b53757fba6e22a5663a59b3a743cd6895bd47aeb47ddbd7187852c1e75810ad,19545,1104
icon-system,cpu_06,icons/system/cpu_06.svg,3072x3072,83bbc104f0745ed46ebdea7c372f2acdfcd37b692fa555b2264b3a948509ca98,19637,1105
icon-system,memory_06,icons/system/memory_06.svg,3072x3072,61134959629ec515c273ac26a3cb1ecc155d7594b7b651a73cde4e973c7df6ae,19748,1106
icon-system,storage_06,icons/system/storage_06.svg,3072x3072,18f77d4c149529d378de89ab9e91b3752209ed5edd5b6f3fab263a8344fb19bb,19700,1107
icon-system,clock_06,icons/system/clock_06.svg,3072x3072,81fd37c70fbacd9b0251922b2132ab547a528d2b5264b8cf75d5657c05f5af3e,19514,1108
icon-system,mail_06,icons/system/mail_06.svg,3072x3072,a73404a6a9a2b80b1ee715ed0b2d1c8ffa7fc84cd57790ba8e28d60e894318a1,19923,1109
icon-system,wifi_06,icons/system/wifi_06.svg,3072x3072,9028c0cab2be8a5dfc88fa7c8deb835a65449fdac4f4b4696e32ef4b18cc8c78,19781,1110
icon-system,security_06,icons/system/security_06.svg,3072x3072,af0ec4eabeb3502a7a2a62ee76e58f7431d1db44477010383d0f781216a98e89,20125,1111
icon-system,update_06,icons/system/update_06.svg,3072x3072,fbc65aaf11866b424e89ff944edb67b1a3733b172aeb24fc3ca54ba1a1caf84a,19612,1112
icon-system,theme_06,icons/system/theme_06.svg,3072x3072,438bc5ee53f61bff3ff9b3ff8afbf7fdc7b746e2db8e051886c6a71f177a2acc,19800,1113
icon-system,accessibility_06,icons/system/accessibility_06.svg,3072x3072,669ffe020deee3e121d9742087c6be36a4cfc8a049e3c8019c3c31e5c6105b68,19701,1114
icon-system,privacy_06,icons/system/privacy_06.svg,3072x3072,5e31b073b698eab2fddcf312800f7ccca7c985936da928e3d45679d43bd1b20a,19677,1115
icon-system,downloads_06,icons/system/downloads_06.svg,3072x3072,461b03e566bedc59370131da89de2fa88099e3992f85d0c0676a81bdf708d3ae,19560,1116
icon-system,uploads_06,icons/system/uploads_06.svg,3072x3072,8d4234a220d795b343ad3bfaa0479c169a42ca111e58a9dd940530b1aad7adf7,19628,1117
icon-system,input_06,icons/system/input_06.svg,3072x3072,f25ff1491200ba4a3faf054dc698e7bc1ca9e1acfc47a61dd469e7e6efd14267,19749,1118
icon-system,power_06,icons/system/power_06.svg,3072x3072,ddac4d2130eb919ea0c60f1391622d89a76e5d9ef4efc0f93358bdd83bd1841b,19691,1119
wallpaper,wallpaper_001,wallpapers/wallpaper_001.svg,8192x4608,c57c104eacabac01b0f40ce5eb93e85ad8db7e25b324347c7ceccea9bd785be7,64378,2000
wallpaper,wallpaper_002,wallpapers/wallpaper_002.svg,8192x4608,308bb8a5ffa81853a5571b31697d24841d1819d10846fe92e8b3379dc447c4e3,64310,2001
wallpaper,wallpaper_003,wallpapers/wallpaper_003.svg,8192x4608,1d40b912df945833e77442a2ab94d49982f0f5a53a6b82ba334f6caea452372c,64403,2002
wallpaper,wallpaper_004,wallpapers/wallpaper_004.svg,8192x4608,69f96c66c02dbf99ce666a32adb379451da14ccd1d711147b19b6fae7823ebdf,64376,2003
wallpaper,wallpaper_005,wallpapers/wallpaper_005.svg,8192x4608,49b7b64c41ad3a342d4ea93924e54444053cca0261b327acbf996384abb4ce41,64292,2004
wallpaper,wallpaper_006,wallpapers/wallpaper_006.svg,8192x4608,fb0102fa4cee052b4c3ec7c7fc17d83007dc1ab31294adeaf0874786352c149d,64313,2005
wallpaper,wallpaper_007,wallpapers/wallpaper_007.svg,8192x4608,2d5aba7c400811e807126316151f39b4da5ee4d439d2f517e3a8cfc746228801,64302,2006
wallpaper,wallpaper_008,wallpapers/wallpaper_008.svg,8192x4608,22134979cd73bf864985c1246d472bcd25a3d5bab4e540241e40b1e5fc2533ab,64327,2007
wallpaper,wallpaper_009,wallpapers/wallpaper_009.svg,8192x4608,f6d02fb4c6e7f9ffd7eb24480b5aea3e605f66fec8b7c96447717b31b6c1ca93,64328,2008
wallpaper,wallpaper_010,wallpapers/wallpaper_010.svg,8192x4608,2636c0b83a32da749a5744f9e3edaeede4efcc6b8ac7360e1e186e3aca3c8707,64389,2009
wallpaper,wallpaper_011,wallpapers/wallpaper_011.svg,8192x4608,de818ff6c5e60586207245f25e72c2e2e2af678a91cd5efea164c953825ec7ab,64300,2010
wallpaper,wallpaper_012,wallpapers/wallpaper_012.svg,8192x4608,8d5b2119cb425ba878e2dc23ef1b3066caa2a65874ecf7f6820f22b4f8f8816c,64290,2011
wallpaper,wallpaper_013,wallpapers/wallpaper_013.svg,8192x4608,669f5f0cdcc0aab99dd096139c73887a5211b4d70cf58d4ba84b38df75883ffb,64300,2012
wallpaper,wallpaper_014,wallpapers/wallpaper_014.svg,8192x4608,c08e8dd3cbff8df00c97209b2eec380b3ae3c302d6f3f5ba265e782271fa1ad8,64308,2013
wallpaper,wallpaper_015,wallpapers/wallpaper_015.svg,8192x4608,979022ec2f504e27491fc879e41d47fa2365c2027b04745501ab8a881443eab0,64328,2014
wallpaper,wallpaper_016,wallpapers/wallpaper_016.svg,8192x4608,338fd08871d7645349371fd72fda65898cf798431304bbba79030273880f24cb,64303,2015
wallpaper,wallpaper_017,wallpapers/wallpaper_017.svg,8192x4608,3a521c8a1d38699a30f3b2e9d2aa44529252b876a013a518b80d059f0a042a2b,64272,2016
wallpaper,wallpaper_018,wallpapers/wallpaper_018.svg,8192x4608,9df981c0d4f0b4b7c6a2e1afc5a6acf02fd2aa0492f45137449aab3f6d73b00c,64292,2017
wallpaper,wallpaper_019,wallpapers/wallpaper_019.svg,8192x4608,b0a387fb4597eaca9f3f79d831ebba42081c43009e3c5bc0dda7f1da3dae3374,64320,2018
wallpaper,wallpaper_020,wallpapers/wallpaper_020.svg,8192x4608,d505f50bdd4049c5441b1504a8f44813a106222ba0a6b05998843d6e2c367b7e,64317,2019
wallpaper,wallpaper_021,wallpapers/wallpaper_021.svg,8192x4608,002b35775d0e516f811138d8e22a9ed5bdc51ee5e44422acb45c785aec9112f6,64292,2020
wallpaper,wallpaper_022,wallpapers/wallpaper_022.svg,8192x4608,8899a8dc93fd38485ce374b034723864154a6fd5366fa1395422e48a79978c4e,64321,2021
wallpaper,wallpaper_023,wallpapers/wallpaper_023.svg,8192x4608,dedfb7b62269d038e9cf36823b20d062ed1898272d68b5095c452724f4e5889b,64357,2022
wallpaper,wallpaper_024,wallpapers/wallpaper_024.svg,8192x4608,0860cab2bd9690cdd4d406259189c8e593af5f21f82e2f88dd9ccecfb2386ac7,64376,2023
wallpaper,wallpaper_025,wallpapers/wallpaper_025.svg,8192x4608,50a63a60585f826b449808a916869593e7063abc6030ec7a94798ae62919835e,64305,2024
wallpaper,wallpaper_026,wallpapers/wallpaper_026.svg,8192x4608,a5b91fe50ded6fc168b12f1b614599a379aa1f428bc9edc73844d31fbeebc673,64327,2025
wallpaper,wallpaper_027,wallpapers/wallpaper_027.svg,8192x4608,c1ffe57815b4e394255e766c0fa0bde79ba77660f274a8e616d117cbbaa26927,64377,2026
wallpaper,wallpaper_028,wallpapers/wallpaper_028.svg,8192x4608,b1ae69cf1386e7c73ec3d194d46edd04e05fc7103167f222af8ab99d373a87ac,64308,2027
wallpaper,wallpaper_029,wallpapers/wallpaper_029.svg,8192x4608,e4e5439dcf4a6373d3411a97a8a761ff416160bedec3152357d83fd77543be6c,64386,2028
wallpaper,wallpaper_030,wallpapers/wallpaper_030.svg,8192x4608,b3e42579d19d83943be373e5881a9536fe2f81ae6ca7c3717b2d2655e9257089,64394,2029
wallpaper,wallpaper_031,wallpapers/wallpaper_031.svg,8192x4608,186ed1b6e65b6c514137339bdbee793b05d67ec16fd6382946a0c828130361d0,64313,2030
wallpaper,wallpaper_032,wallpapers/wallpaper_032.svg,8192x4608,3fbd586ca7bb55c195101825ca2fc8ad9021c5246596b43a573c0610a515d9c4,64325,2031
wallpaper,wallpaper_033,wallpapers/wallpaper_033.svg,8192x4608,7e7a0a4b48c796dee88f1032f462e0000784d6b18ce65a77cdeb11fb2ec0061b,64395,2032
wallpaper,wallpaper_034,wallpapers/wallpaper_034.svg,8192x4608,9094fbbc91c9cb6a62fdd6e95727c6171cf01b448fc1842f266b0145097823a0,64407,2033
wallpaper,wallpaper_035,wallpapers/wallpaper_035.svg,8192x4608,08308eba140e1538f9e9fda29d5822a830cd39c2e970fcae3b70668bf14aa62d,64298,2034
wallpaper,wallpaper_036,wallpapers/wallpaper_036.svg,8192x4608,26137b13539f936b5507de171a2fd0446feea4ab0ecd915b97792dc68e0d7837,64360,2035
wallpaper,wallpaper_037,wallpapers/wallpaper_037.svg,8192x4608,2043fd127f35da28cbd3bc985d3ce47909b95d99d4476bc007da2a7773f70414,64318,2036
wallpaper,wallpaper_038,wallpapers/wallpaper_038.svg,8192x4608,dcc1504eca48ea431f1bc4f933f7daca36395092713c96aabe49baea540fc76c,64318,2037
wallpaper,wallpaper_039,wallpapers/wallpaper_039.svg,8192x4608,0183aa691c2c00d04f107ba264cbdcd68472eaa7c31a74a2f34bde3b73c2083f,64286,2038
wallpaper,wallpaper_040,wallpapers/wallpaper_040.svg,8192x4608,32db133e63a840221768b6ed38de27a2465e60e3d0d1213446014e42ccf74edb,64316,2039
wallpaper,wallpaper_041,wallpapers/wallpaper_041.svg,8192x4608,cce8b37e64259d1c6c0ce877107a50d82b7761117e77de0e868d05f2d49a6746,64289,2040
wallpaper,wallpaper_042,wallpapers/wallpaper_042.svg,8192x4608,bc21c8322975353bffca32b450b6eeefc52834a3b46d72e5a61f8661dacaf56e,64323,2041
wallpaper,wallpaper_043,wallpapers/wallpaper_043.svg,8192x4608,c5e00f006a992a3e5ebaf9827bf285905aa66cb374d128d9a1d5867a41e24e4e,64329,2042
wallpaper,wallpaper_044,wallpapers/wallpaper_044.svg,8192x4608,82a2daf88c6ac085f50da1dabc4cc16d7d95ef6ac7bc2aaddd45cacf05f6d14b,64325,2043
wallpaper,wallpaper_045,wallpapers/wallpaper_045.svg,8192x4608,6c4ad3b71d967e1f51c90a64e6a780420e7440807d2add9a28d3f353442bc7ba,64270,2044
wallpaper,wallpaper_046,wallpapers/wallpaper_046.svg,8192x4608,c7c6620e8e559ddcb4d632c88a1a6c2d0e76c8d53230373646b087d67cdb9378,64267,2045
wallpaper,wallpaper_047,wallpapers/wallpaper_047.svg,8192x4608,d6cd9e1a56313b09a6fade5a96995c77a5269df4d538876e2531207d1ce7fdfb,64318,2046
wallpaper,wallpaper_048,wallpapers/wallpaper_048.svg,8192x4608,bd6d267ee45b310944578aff556373d36b2ea92ee362b9bc7ad5f5269789774a,64291,2047
wallpaper,wallpaper_049,wallpapers/wallpaper_049.svg,8192x4608,7e3e02dea968d9561a459df66f959f904eb1d0f02291cf508cd5f970aeeb8bb0,64280,2048
wallpaper,wallpaper_050,wallpapers/wallpaper_050.svg,8192x4608,ee49eab8cadb33948ef52f2e966d6a04d14c431ff703a90dab56474f5c1aad22,64277,2049
wallpaper,wallpaper_051,wallpapers/wallpaper_051.svg,8192x4608,2a1cae23dda8cd675f3c67da583a33bd608f02202a0a9257bc540fcf3eab2953,64320,2050
wallpaper,wallpaper_052,wallpapers/wallpaper_052.svg,8192x4608,c31ea9c74ff25566388ba8a45aaa474520eb93c5da17edff9aaaf4b24791b5b7,64306,2051
wallpaper,wallpaper_053,wallpapers/wallpaper_053.svg,8192x4608,0f01590621cbdff24c19afe66e0493eb49aad6ee51fc40da9e4a0ef824675ff2,64288,2052
wallpaper,wallpaper_054,wallpapers/wallpaper_054.svg,8192x4608,ce5d79443ed5b04b007cfa1bf93661bdc475b64b19a3f395fcb276ec2fd216f9,64271,2053
wallpaper,wallpaper_055,wallpapers/wallpaper_055.svg,8192x4608,77cf0602ad8f3815ab0a101443869b5d223e79e11b9d109afed9bf13bf1c4c29,64279,2054
wallpaper,wallpaper_056,wallpapers/wallpaper_056.svg,8192x4608,3f8616e12f8486276e7f7f48afbc154d9da064331110a747e565faaef6896015,64308,2055
wallpaper,wallpaper_057,wallpapers/wallpaper_057.svg,8192x4608,8735484cfad29e65d052c7f967bacc1900f9fd21553002924f095e17a4b8ecd1,64305,2056
wallpaper,wallpaper_058,wallpapers/wallpaper_058.svg,8192x4608,5233c40dfe0813989c305af640cf017f2e59ae3fa201b9a42548a0a8140d8570,64288,2057
wallpaper,wallpaper_059,wallpapers/wallpaper_059.svg,8192x4608,c79f8f490646a8e6196749211b31f593d334bae29a40041bb42750f417de6273,64298,2058
wallpaper,wallpaper_060,wallpapers/wallpaper_060.svg,8192x4608,cc7c2b28ec3b2626fdcc26675f05c6f501a9d38a03dd9e30fd8eb4aebe28db2b,64290,2059
